image_file,image_width,image_height
India_000005.jpg,720,720
India_000010.jpg,720,720
India_000011.jpg,720,720
India_000014.jpg,720,720
India_000017.jpg,720,720
India_000024.jpg,720,720
India_000027.jpg,720,720
India_000028.jpg,720,720
India_000032.jpg,720,720
India_000038.jpg,720,720
India_000043.jpg,720,720
India_000052.jpg,720,720
India_000053.jpg,720,720
India_000054.jpg,720,720
India_000055.jpg,720,720
India_000057.jpg,720,720
India_000061.jpg,720,720
India_000067.jpg,720,720
India_000071.jpg,720,720
India_000076.jpg,720,720
India_000078.jpg,720,720
India_000081.jpg,720,720
India_000086.jpg,720,720
India_000088.jpg,720,720
India_000090.jpg,720,720
India_000092.jpg,720,720
India_000093.jpg,720,720
India_000099.jpg,720,720
India_000102.jpg,720,720
India_000103.jpg,720,720
India_000104.jpg,720,720
India_000105.jpg,720,720
India_000109.jpg,720,720
India_000114.jpg,720,720
India_000115.jpg,720,720
India_000125.jpg,720,720
India_000126.jpg,720,720
India_000127.jpg,720,720
India_000128.jpg,720,720
India_000130.jpg,720,720
India_000131.jpg,720,720
India_000142.jpg,720,720
India_000145.jpg,720,720
India_000146.jpg,720,720
India_000147.jpg,720,720
India_000155.jpg,720,720
India_000157.jpg,720,720
India_000158.jpg,720,720
India_000163.jpg,720,720
India_000164.jpg,720,720
India_000168.jpg,720,720
India_000173.jpg,720,720
India_000174.jpg,720,720
India_000182.jpg,720,720
India_000184.jpg,720,720
India_000189.jpg,720,720
India_000191.jpg,720,720
India_000193.jpg,720,720
India_000197.jpg,720,720
India_000199.jpg,720,720
India_000200.jpg,720,720
India_000201.jpg,720,720
India_000203.jpg,720,720
India_000205.jpg,720,720
India_000209.jpg,720,720
India_000210.jpg,720,720
India_000214.jpg,720,720
India_000222.jpg,720,720
India_000223.jpg,720,720
India_000224.jpg,720,720
India_000230.jpg,720,720
India_000232.jpg,720,720
India_000241.jpg,720,720
India_000245.jpg,720,720
India_000256.jpg,720,720
India_000259.jpg,720,720
India_000260.jpg,720,720
India_000261.jpg,720,720
India_000267.jpg,720,720
India_000268.jpg,720,720
India_000269.jpg,720,720
India_000270.jpg,720,720
India_000271.jpg,720,720
India_000272.jpg,720,720
India_000274.jpg,720,720
India_000275.jpg,720,720
India_000278.jpg,720,720
India_000283.jpg,720,720
India_000285.jpg,720,720
India_000288.jpg,720,720
India_000292.jpg,720,720
India_000293.jpg,720,720
India_000298.jpg,720,720
India_000299.jpg,720,720
India_000301.jpg,720,720
India_000302.jpg,720,720
India_000309.jpg,720,720
India_000310.jpg,720,720
India_000312.jpg,720,720
India_000316.jpg,720,720
India_000317.jpg,720,720
India_000319.jpg,720,720
India_000320.jpg,720,720
India_000323.jpg,720,720
India_000329.jpg,720,720
India_000330.jpg,720,720
India_000335.jpg,720,720
India_000343.jpg,720,720
India_000348.jpg,720,720
India_000350.jpg,720,720
India_000352.jpg,720,720
India_000353.jpg,720,720
India_000358.jpg,720,720
India_000361.jpg,720,720
India_000362.jpg,720,720
India_000367.jpg,720,720
India_000368.jpg,720,720
India_000369.jpg,720,720
India_000371.jpg,720,720
India_000373.jpg,720,720
India_000379.jpg,720,720
India_000382.jpg,720,720
India_000383.jpg,720,720
India_000384.jpg,720,720
India_000389.jpg,720,720
India_000391.jpg,720,720
India_000392.jpg,720,720
India_000399.jpg,720,720
India_000402.jpg,720,720
India_000403.jpg,720,720
India_000407.jpg,720,720
India_000409.jpg,720,720
India_000410.jpg,720,720
India_000412.jpg,720,720
India_000414.jpg,720,720
India_000416.jpg,720,720
India_000421.jpg,720,720
India_000424.jpg,720,720
India_000427.jpg,720,720
India_000428.jpg,720,720
India_000431.jpg,720,720
India_000432.jpg,720,720
India_000436.jpg,720,720
India_000438.jpg,720,720
India_000439.jpg,720,720
India_000440.jpg,720,720
India_000446.jpg,720,720
India_000448.jpg,720,720
India_000451.jpg,720,720
India_000453.jpg,720,720
India_000455.jpg,720,720
India_000456.jpg,720,720
India_000459.jpg,720,720
India_000462.jpg,720,720
India_000466.jpg,720,720
India_000467.jpg,720,720
India_000470.jpg,720,720
India_000471.jpg,720,720
India_000472.jpg,720,720
India_000475.jpg,720,720
India_000477.jpg,720,720
India_000478.jpg,720,720
India_000480.jpg,720,720
India_000482.jpg,720,720
India_000483.jpg,720,720
India_000485.jpg,720,720
India_000486.jpg,720,720
India_000492.jpg,720,720
India_000493.jpg,720,720
India_000494.jpg,720,720
India_000495.jpg,720,720
India_000498.jpg,720,720
India_000500.jpg,720,720
India_000504.jpg,720,720
India_000511.jpg,720,720
India_000512.jpg,720,720
India_000514.jpg,720,720
India_000517.jpg,720,720
India_000522.jpg,720,720
India_000524.jpg,720,720
India_000525.jpg,720,720
India_000528.jpg,720,720
India_000532.jpg,720,720
India_000534.jpg,720,720
India_000535.jpg,720,720
India_000537.jpg,720,720
India_000542.jpg,720,720
India_000544.jpg,720,720
India_000545.jpg,720,720
India_000548.jpg,720,720
India_000552.jpg,720,720
India_000555.jpg,720,720
India_000556.jpg,720,720
India_000557.jpg,720,720
India_000560.jpg,720,720
India_000561.jpg,720,720
India_000562.jpg,720,720
India_000563.jpg,720,720
India_000566.jpg,720,720
India_000570.jpg,720,720
India_000575.jpg,720,720
India_000576.jpg,720,720
India_000578.jpg,720,720
India_000579.jpg,720,720
India_000580.jpg,720,720
India_000581.jpg,720,720
India_000582.jpg,720,720
India_000586.jpg,720,720
India_000589.jpg,720,720
India_000590.jpg,720,720
India_000591.jpg,720,720
India_000592.jpg,720,720
India_000595.jpg,720,720
India_000596.jpg,720,720
India_000597.jpg,720,720
India_000599.jpg,720,720
India_000601.jpg,720,720
India_000603.jpg,720,720
India_000605.jpg,720,720
India_000609.jpg,720,720
India_000611.jpg,720,720
India_000612.jpg,720,720
India_000614.jpg,720,720
India_000617.jpg,720,720
India_000618.jpg,720,720
India_000622.jpg,720,720
India_000624.jpg,720,720
India_000627.jpg,720,720
India_000628.jpg,720,720
India_000630.jpg,720,720
India_000631.jpg,720,720
India_000638.jpg,720,720
India_000644.jpg,720,720
India_000646.jpg,720,720
India_000652.jpg,720,720
India_000654.jpg,720,720
India_000655.jpg,720,720
India_000656.jpg,720,720
India_000659.jpg,720,720
India_000665.jpg,720,720
India_000667.jpg,720,720
India_000669.jpg,720,720
India_000676.jpg,720,720
India_000678.jpg,720,720
India_000680.jpg,720,720
India_000681.jpg,720,720
India_000682.jpg,720,720
India_000683.jpg,720,720
India_000684.jpg,720,720
India_000685.jpg,720,720
India_000688.jpg,720,720
India_000690.jpg,720,720
India_000700.jpg,720,720
India_000701.jpg,720,720
India_000702.jpg,720,720
India_000705.jpg,720,720
India_000709.jpg,720,720
India_000710.jpg,720,720
India_000711.jpg,720,720
India_000714.jpg,720,720
India_000715.jpg,720,720
India_000718.jpg,720,720
India_000724.jpg,720,720
India_000726.jpg,720,720
India_000729.jpg,720,720
India_000730.jpg,720,720
India_000731.jpg,720,720
India_000732.jpg,720,720
India_000735.jpg,720,720
India_000739.jpg,720,720
India_000740.jpg,720,720
India_000742.jpg,720,720
India_000743.jpg,720,720
India_000744.jpg,720,720
India_000745.jpg,720,720
India_000746.jpg,720,720
India_000747.jpg,720,720
India_000748.jpg,720,720
India_000756.jpg,720,720
India_000758.jpg,720,720
India_000759.jpg,720,720
India_000760.jpg,720,720
India_000763.jpg,720,720
India_000765.jpg,720,720
India_000768.jpg,720,720
India_000770.jpg,720,720
India_000771.jpg,720,720
India_000772.jpg,720,720
India_000773.jpg,720,720
India_000775.jpg,720,720
India_000776.jpg,720,720
India_000780.jpg,720,720
India_000781.jpg,720,720
India_000782.jpg,720,720
India_000785.jpg,720,720
India_000788.jpg,720,720
India_000789.jpg,720,720
India_000791.jpg,720,720
India_000796.jpg,720,720
India_000797.jpg,720,720
India_000798.jpg,720,720
India_000802.jpg,720,720
India_000808.jpg,720,720
India_000811.jpg,720,720
India_000812.jpg,720,720
India_000813.jpg,720,720
India_000815.jpg,720,720
India_000816.jpg,720,720
India_000821.jpg,720,720
India_000822.jpg,720,720
India_000823.jpg,720,720
India_000825.jpg,720,720
India_000830.jpg,720,720
India_000831.jpg,720,720
India_000833.jpg,720,720
India_000839.jpg,720,720
India_000840.jpg,720,720
India_000846.jpg,720,720
India_000848.jpg,720,720
India_000849.jpg,720,720
India_000850.jpg,720,720
India_000852.jpg,720,720
India_000853.jpg,720,720
India_000855.jpg,720,720
India_000856.jpg,720,720
India_000857.jpg,720,720
India_000860.jpg,720,720
India_000861.jpg,720,720
India_000862.jpg,720,720
India_000864.jpg,720,720
India_000865.jpg,720,720
India_000870.jpg,720,720
India_000873.jpg,720,720
India_000874.jpg,720,720
India_000879.jpg,720,720
India_000884.jpg,720,720
India_000891.jpg,720,720
India_000892.jpg,720,720
India_000893.jpg,720,720
India_000895.jpg,720,720
India_000896.jpg,720,720
India_000905.jpg,720,720
India_000910.jpg,720,720
India_000914.jpg,720,720
India_000915.jpg,720,720
India_000917.jpg,720,720
India_000919.jpg,720,720
India_000921.jpg,720,720
India_000922.jpg,720,720
India_000923.jpg,720,720
India_000928.jpg,720,720
India_000931.jpg,720,720
India_000932.jpg,720,720
India_000933.jpg,720,720
India_000935.jpg,720,720
India_000936.jpg,720,720
India_000937.jpg,720,720
India_000940.jpg,720,720
India_000942.jpg,720,720
India_000944.jpg,720,720
India_000945.jpg,720,720
India_000946.jpg,720,720
India_000948.jpg,720,720
India_000949.jpg,720,720
India_000952.jpg,720,720
India_000955.jpg,720,720
India_000963.jpg,720,720
India_000964.jpg,720,720
India_000965.jpg,720,720
India_000969.jpg,720,720
India_000970.jpg,720,720
India_000971.jpg,720,720
India_000973.jpg,720,720
India_000976.jpg,720,720
India_000977.jpg,720,720
India_000979.jpg,720,720
India_000981.jpg,720,720
India_000991.jpg,720,720
India_000993.jpg,720,720
India_000994.jpg,720,720
India_000996.jpg,720,720
India_000997.jpg,720,720
India_001000.jpg,720,720
India_001001.jpg,720,720
India_001002.jpg,720,720
India_001003.jpg,720,720
India_001004.jpg,720,720
India_001005.jpg,720,720
India_001006.jpg,720,720
India_001007.jpg,720,720
India_001008.jpg,720,720
India_001012.jpg,720,720
India_001015.jpg,720,720
India_001017.jpg,720,720
India_001023.jpg,720,720
India_001027.jpg,720,720
India_001030.jpg,720,720
India_001037.jpg,720,720
India_001038.jpg,720,720
India_001040.jpg,720,720
India_001041.jpg,720,720
India_001042.jpg,720,720
India_001046.jpg,720,720
India_001049.jpg,720,720
India_001050.jpg,720,720
India_001051.jpg,720,720
India_001053.jpg,720,720
India_001056.jpg,720,720
India_001058.jpg,720,720
India_001059.jpg,720,720
India_001066.jpg,720,720
India_001068.jpg,720,720
India_001069.jpg,720,720
India_001076.jpg,720,720
India_001077.jpg,720,720
India_001080.jpg,720,720
India_001084.jpg,720,720
India_001085.jpg,720,720
India_001086.jpg,720,720
India_001088.jpg,720,720
India_001090.jpg,720,720
India_001093.jpg,720,720
India_001094.jpg,720,720
India_001095.jpg,720,720
India_001098.jpg,720,720
India_001101.jpg,720,720
India_001103.jpg,720,720
India_001104.jpg,720,720
India_001105.jpg,720,720
India_001111.jpg,720,720
India_001112.jpg,720,720
India_001114.jpg,720,720
India_001115.jpg,720,720
India_001118.jpg,720,720
India_001121.jpg,720,720
India_001122.jpg,720,720
India_001123.jpg,720,720
India_001125.jpg,720,720
India_001126.jpg,720,720
India_001133.jpg,720,720
India_001134.jpg,720,720
India_001135.jpg,720,720
India_001137.jpg,720,720
India_001138.jpg,720,720
India_001139.jpg,720,720
India_001141.jpg,720,720
India_001142.jpg,720,720
India_001143.jpg,720,720
India_001145.jpg,720,720
India_001146.jpg,720,720
India_001147.jpg,720,720
India_001149.jpg,720,720
India_001150.jpg,720,720
India_001155.jpg,720,720
India_001156.jpg,720,720
India_001160.jpg,720,720
India_001161.jpg,720,720
India_001165.jpg,720,720
India_001167.jpg,720,720
India_001168.jpg,720,720
India_001173.jpg,720,720
India_001174.jpg,720,720
India_001175.jpg,720,720
India_001176.jpg,720,720
India_001180.jpg,720,720
India_001181.jpg,720,720
India_001186.jpg,720,720
India_001187.jpg,720,720
India_001188.jpg,720,720
India_001191.jpg,720,720
India_001192.jpg,720,720
India_001194.jpg,720,720
India_001198.jpg,720,720
India_001200.jpg,720,720
India_001201.jpg,720,720
India_001203.jpg,720,720
India_001207.jpg,720,720
India_001213.jpg,720,720
India_001221.jpg,720,720
India_001222.jpg,720,720
India_001225.jpg,720,720
India_001228.jpg,720,720
India_001230.jpg,720,720
India_001232.jpg,720,720
India_001234.jpg,720,720
India_001236.jpg,720,720
India_001238.jpg,720,720
India_001239.jpg,720,720
India_001241.jpg,720,720
India_001242.jpg,720,720
India_001244.jpg,720,720
India_001246.jpg,720,720
India_001247.jpg,720,720
India_001249.jpg,720,720
India_001250.jpg,720,720
India_001251.jpg,720,720
India_001253.jpg,720,720
India_001254.jpg,720,720
India_001262.jpg,720,720
India_001266.jpg,720,720
India_001267.jpg,720,720
India_001271.jpg,720,720
India_001272.jpg,720,720
India_001275.jpg,720,720
India_001276.jpg,720,720
India_001278.jpg,720,720
India_001279.jpg,720,720
India_001282.jpg,720,720
India_001284.jpg,720,720
India_001287.jpg,720,720
India_001291.jpg,720,720
India_001294.jpg,720,720
India_001295.jpg,720,720
India_001305.jpg,720,720
India_001308.jpg,720,720
India_001310.jpg,720,720
India_001311.jpg,720,720
India_001314.jpg,720,720
India_001318.jpg,720,720
India_001319.jpg,720,720
India_001320.jpg,720,720
India_001321.jpg,720,720
India_001322.jpg,720,720
India_001336.jpg,720,720
India_001337.jpg,720,720
India_001338.jpg,720,720
India_001339.jpg,720,720
India_001349.jpg,720,720
India_001350.jpg,720,720
India_001357.jpg,720,720
India_001362.jpg,720,720
India_001364.jpg,720,720
India_001366.jpg,720,720
India_001367.jpg,720,720
India_001368.jpg,720,720
India_001381.jpg,720,720
India_001385.jpg,720,720
India_001388.jpg,720,720
India_001390.jpg,720,720
India_001392.jpg,720,720
India_001400.jpg,720,720
India_001401.jpg,720,720
India_001402.jpg,720,720
India_001405.jpg,720,720
India_001407.jpg,720,720
India_001409.jpg,720,720
India_001411.jpg,720,720
India_001413.jpg,720,720
India_001415.jpg,720,720
India_001418.jpg,720,720
India_001419.jpg,720,720
India_001420.jpg,720,720
India_001421.jpg,720,720
India_001422.jpg,720,720
India_001424.jpg,720,720
India_001432.jpg,720,720
India_001439.jpg,720,720
India_001441.jpg,720,720
India_001443.jpg,720,720
India_001446.jpg,720,720
India_001449.jpg,720,720
India_001450.jpg,720,720
India_001451.jpg,720,720
India_001453.jpg,720,720
India_001454.jpg,720,720
India_001456.jpg,720,720
India_001458.jpg,720,720
India_001465.jpg,720,720
India_001466.jpg,720,720
India_001475.jpg,720,720
India_001478.jpg,720,720
India_001480.jpg,720,720
India_001481.jpg,720,720
India_001485.jpg,720,720
India_001489.jpg,720,720
India_001491.jpg,720,720
India_001493.jpg,720,720
India_001494.jpg,720,720
India_001495.jpg,720,720
India_001496.jpg,720,720
India_001498.jpg,720,720
India_001502.jpg,720,720
India_001503.jpg,720,720
India_001507.jpg,720,720
India_001516.jpg,720,720
India_001517.jpg,720,720
India_001524.jpg,720,720
India_001526.jpg,720,720
India_001527.jpg,720,720
India_001528.jpg,720,720
India_001531.jpg,720,720
India_001534.jpg,720,720
India_001536.jpg,720,720
India_001537.jpg,720,720
India_001541.jpg,720,720
India_001542.jpg,720,720
India_001549.jpg,720,720
India_001550.jpg,720,720
India_001551.jpg,720,720
India_001552.jpg,720,720
India_001553.jpg,720,720
India_001555.jpg,720,720
India_001558.jpg,720,720
India_001560.jpg,720,720
India_001561.jpg,720,720
India_001563.jpg,720,720
India_001566.jpg,720,720
India_001567.jpg,720,720
India_001574.jpg,720,720
India_001575.jpg,720,720
India_001578.jpg,720,720
India_001580.jpg,720,720
India_001584.jpg,720,720
India_001585.jpg,720,720
India_001588.jpg,720,720
India_001590.jpg,720,720
India_001594.jpg,720,720
India_001595.jpg,720,720
India_001596.jpg,720,720
India_001599.jpg,720,720
India_001601.jpg,720,720
India_001604.jpg,720,720
India_001605.jpg,720,720
India_001611.jpg,720,720
India_001620.jpg,720,720
India_001623.jpg,720,720
India_001625.jpg,720,720
India_001626.jpg,720,720
India_001627.jpg,720,720
India_001630.jpg,720,720
India_001635.jpg,720,720
India_001636.jpg,720,720
India_001640.jpg,720,720
India_001644.jpg,720,720
India_001648.jpg,720,720
India_001649.jpg,720,720
India_001655.jpg,720,720
India_001657.jpg,720,720
India_001659.jpg,720,720
India_001660.jpg,720,720
India_001666.jpg,720,720
India_001668.jpg,720,720
India_001669.jpg,720,720
India_001673.jpg,720,720
India_001678.jpg,720,720
India_001679.jpg,720,720
India_001680.jpg,720,720
India_001682.jpg,720,720
India_001684.jpg,720,720
India_001685.jpg,720,720
India_001687.jpg,720,720
India_001689.jpg,720,720
India_001690.jpg,720,720
India_001692.jpg,720,720
India_001693.jpg,720,720
India_001695.jpg,720,720
India_001697.jpg,720,720
India_001700.jpg,720,720
India_001702.jpg,720,720
India_001703.jpg,720,720
India_001704.jpg,720,720
India_001708.jpg,720,720
India_001709.jpg,720,720
India_001715.jpg,720,720
India_001716.jpg,720,720
India_001717.jpg,720,720
India_001722.jpg,720,720
India_001723.jpg,720,720
India_001733.jpg,720,720
India_001734.jpg,720,720
India_001736.jpg,720,720
India_001737.jpg,720,720
India_001739.jpg,720,720
India_001744.jpg,720,720
India_001746.jpg,720,720
India_001747.jpg,720,720
India_001748.jpg,720,720
India_001751.jpg,720,720
India_001755.jpg,720,720
India_001757.jpg,720,720
India_001759.jpg,720,720
India_001765.jpg,720,720
India_001767.jpg,720,720
India_001769.jpg,720,720
India_001773.jpg,720,720
India_001776.jpg,720,720
India_001779.jpg,720,720
India_001782.jpg,720,720
India_001783.jpg,720,720
India_001786.jpg,720,720
India_001787.jpg,720,720
India_001789.jpg,720,720
India_001794.jpg,720,720
India_001798.jpg,720,720
India_001800.jpg,720,720
India_001803.jpg,720,720
India_001808.jpg,720,720
India_001809.jpg,720,720
India_001812.jpg,720,720
India_001815.jpg,720,720
India_001817.jpg,720,720
India_001820.jpg,720,720
India_001821.jpg,720,720
India_001822.jpg,720,720
India_001827.jpg,720,720
India_001831.jpg,720,720
India_001832.jpg,720,720
India_001836.jpg,720,720
India_001837.jpg,720,720
India_001842.jpg,720,720
India_001844.jpg,720,720
India_001852.jpg,720,720
India_001853.jpg,720,720
India_001854.jpg,720,720
India_001856.jpg,720,720
India_001861.jpg,720,720
India_001863.jpg,720,720
India_001865.jpg,720,720
India_001866.jpg,720,720
India_001868.jpg,720,720
India_001869.jpg,720,720
India_001870.jpg,720,720
India_001872.jpg,720,720
India_001877.jpg,720,720
India_001881.jpg,720,720
India_001884.jpg,720,720
India_001887.jpg,720,720
India_001888.jpg,720,720
India_001890.jpg,720,720
India_001893.jpg,720,720
India_001900.jpg,720,720
India_001902.jpg,720,720
India_001903.jpg,720,720
India_001904.jpg,720,720
India_001906.jpg,720,720
India_001907.jpg,720,720
India_001908.jpg,720,720
India_001910.jpg,720,720
India_001911.jpg,720,720
India_001912.jpg,720,720
India_001913.jpg,720,720
India_001914.jpg,720,720
India_001915.jpg,720,720
India_001923.jpg,720,720
India_001925.jpg,720,720
India_001932.jpg,720,720
India_001935.jpg,720,720
India_001936.jpg,720,720
India_001939.jpg,720,720
India_001949.jpg,720,720
India_001952.jpg,720,720
India_001954.jpg,720,720
India_001957.jpg,720,720
India_001958.jpg,720,720
India_001960.jpg,720,720
India_001963.jpg,720,720
India_001966.jpg,720,720
India_001967.jpg,720,720
India_001969.jpg,720,720
India_001970.jpg,720,720
India_001971.jpg,720,720
India_001974.jpg,720,720
India_001977.jpg,720,720
India_001980.jpg,720,720
India_001982.jpg,720,720
India_001983.jpg,720,720
India_001984.jpg,720,720
India_001986.jpg,720,720
India_001988.jpg,720,720
India_001989.jpg,720,720
India_001993.jpg,720,720
India_001996.jpg,720,720
India_002004.jpg,720,720
India_002007.jpg,720,720
India_002009.jpg,720,720
India_002010.jpg,720,720
India_002011.jpg,720,720
India_002013.jpg,720,720
India_002014.jpg,720,720
India_002017.jpg,720,720
India_002018.jpg,720,720
India_002020.jpg,720,720
India_002022.jpg,720,720
India_002023.jpg,720,720
India_002024.jpg,720,720
India_002025.jpg,720,720
India_002026.jpg,720,720
India_002030.jpg,720,720
India_002031.jpg,720,720
India_002034.jpg,720,720
India_002040.jpg,720,720
India_002046.jpg,720,720
India_002047.jpg,720,720
India_002048.jpg,720,720
India_002049.jpg,720,720
India_002051.jpg,720,720
India_002052.jpg,720,720
India_002061.jpg,720,720
India_002063.jpg,720,720
India_002064.jpg,720,720
India_002065.jpg,720,720
India_002066.jpg,720,720
India_002067.jpg,720,720
India_002068.jpg,720,720
India_002069.jpg,720,720
India_002070.jpg,720,720
India_002071.jpg,720,720
India_002074.jpg,720,720
India_002078.jpg,720,720
India_002079.jpg,720,720
India_002082.jpg,720,720
India_002084.jpg,720,720
India_002085.jpg,720,720
India_002087.jpg,720,720
India_002089.jpg,720,720
India_002095.jpg,720,720
India_002098.jpg,720,720
India_002099.jpg,720,720
India_002100.jpg,720,720
India_002101.jpg,720,720
India_002105.jpg,720,720
India_002106.jpg,720,720
India_002107.jpg,720,720
India_002111.jpg,720,720
India_002112.jpg,720,720
India_002113.jpg,720,720
India_002114.jpg,720,720
India_002115.jpg,720,720
India_002118.jpg,720,720
India_002119.jpg,720,720
India_002121.jpg,720,720
India_002122.jpg,720,720
India_002124.jpg,720,720
India_002125.jpg,720,720
India_002129.jpg,720,720
India_002132.jpg,720,720
India_002133.jpg,720,720
India_002134.jpg,720,720
India_002135.jpg,720,720
India_002137.jpg,720,720
India_002143.jpg,720,720
India_002148.jpg,720,720
India_002149.jpg,720,720
India_002150.jpg,720,720
India_002152.jpg,720,720
India_002154.jpg,720,720
India_002162.jpg,720,720
India_002167.jpg,720,720
India_002172.jpg,720,720
India_002173.jpg,720,720
India_002175.jpg,720,720
India_002177.jpg,720,720
India_002179.jpg,720,720
India_002180.jpg,720,720
India_002184.jpg,720,720
India_002187.jpg,720,720
India_002191.jpg,720,720
India_002192.jpg,720,720
India_002194.jpg,720,720
India_002200.jpg,720,720
India_002201.jpg,720,720
India_002206.jpg,720,720
India_002207.jpg,720,720
India_002209.jpg,720,720
India_002210.jpg,720,720
India_002211.jpg,720,720
India_002215.jpg,720,720
India_002216.jpg,720,720
India_002219.jpg,720,720
India_002222.jpg,720,720
India_002227.jpg,720,720
India_002230.jpg,720,720
India_002233.jpg,720,720
India_002238.jpg,720,720
India_002242.jpg,720,720
India_002247.jpg,720,720
India_002248.jpg,720,720
India_002249.jpg,720,720
India_002250.jpg,720,720
India_002253.jpg,720,720
India_002256.jpg,720,720
India_002262.jpg,720,720
India_002268.jpg,720,720
India_002279.jpg,720,720
India_002281.jpg,720,720
India_002284.jpg,720,720
India_002285.jpg,720,720
India_002286.jpg,720,720
India_002290.jpg,720,720
India_002293.jpg,720,720
India_002297.jpg,720,720
India_002299.jpg,720,720
India_002301.jpg,720,720
India_002304.jpg,720,720
India_002305.jpg,720,720
India_002307.jpg,720,720
India_002318.jpg,720,720
India_002319.jpg,720,720
India_002320.jpg,720,720
India_002321.jpg,720,720
India_002322.jpg,720,720
India_002330.jpg,720,720
India_002331.jpg,720,720
India_002337.jpg,720,720
India_002340.jpg,720,720
India_002341.jpg,720,720
India_002342.jpg,720,720
India_002344.jpg,720,720
India_002345.jpg,720,720
India_002348.jpg,720,720
India_002349.jpg,720,720
India_002352.jpg,720,720
India_002363.jpg,720,720
India_002364.jpg,720,720
India_002366.jpg,720,720
India_002368.jpg,720,720
India_002369.jpg,720,720
India_002371.jpg,720,720
India_002372.jpg,720,720
India_002376.jpg,720,720
India_002378.jpg,720,720
India_002379.jpg,720,720
India_002384.jpg,720,720
India_002385.jpg,720,720
India_002386.jpg,720,720
India_002390.jpg,720,720
India_002392.jpg,720,720
India_002395.jpg,720,720
India_002396.jpg,720,720
India_002398.jpg,720,720
India_002400.jpg,720,720
India_002404.jpg,720,720
India_002405.jpg,720,720
India_002409.jpg,720,720
India_002410.jpg,720,720
India_002411.jpg,720,720
India_002419.jpg,720,720
India_002426.jpg,720,720
India_002428.jpg,720,720
India_002429.jpg,720,720
India_002437.jpg,720,720
India_002447.jpg,720,720
India_002449.jpg,720,720
India_002450.jpg,720,720
India_002455.jpg,720,720
India_002459.jpg,720,720
India_002464.jpg,720,720
India_002466.jpg,720,720
India_002470.jpg,720,720
India_002472.jpg,720,720
India_002480.jpg,720,720
India_002487.jpg,720,720
India_002492.jpg,720,720
India_002493.jpg,720,720
India_002494.jpg,720,720
India_002496.jpg,720,720
India_002497.jpg,720,720
India_002498.jpg,720,720
India_002499.jpg,720,720
India_002503.jpg,720,720
India_002508.jpg,720,720
India_002509.jpg,720,720
India_002512.jpg,720,720
India_002516.jpg,720,720
India_002521.jpg,720,720
India_002522.jpg,720,720
India_002523.jpg,720,720
India_002544.jpg,720,720
India_002549.jpg,720,720
India_002550.jpg,720,720
India_002551.jpg,720,720
India_002553.jpg,720,720
India_002556.jpg,720,720
India_002557.jpg,720,720
India_002558.jpg,720,720
India_002562.jpg,720,720
India_002563.jpg,720,720
India_002565.jpg,720,720
India_002566.jpg,720,720
India_002567.jpg,720,720
India_002570.jpg,720,720
India_002573.jpg,720,720
India_002576.jpg,720,720
India_002578.jpg,720,720
India_002582.jpg,720,720
India_002585.jpg,720,720
India_002588.jpg,720,720
India_002589.jpg,720,720
India_002590.jpg,720,720
India_002591.jpg,720,720
India_002592.jpg,720,720
India_002593.jpg,720,720
India_002594.jpg,720,720
India_002596.jpg,720,720
India_002605.jpg,720,720
India_002608.jpg,720,720
India_002611.jpg,720,720
India_002614.jpg,720,720
India_002616.jpg,720,720
India_002618.jpg,720,720
India_002619.jpg,720,720
India_002620.jpg,720,720
India_002629.jpg,720,720
India_002642.jpg,720,720
India_002644.jpg,720,720
India_002646.jpg,720,720
India_002647.jpg,720,720
India_002652.jpg,720,720
India_002655.jpg,720,720
India_002656.jpg,720,720
India_002658.jpg,720,720
India_002662.jpg,720,720
India_002664.jpg,720,720
India_002665.jpg,720,720
India_002666.jpg,720,720
India_002667.jpg,720,720
India_002668.jpg,720,720
India_002673.jpg,720,720
India_002678.jpg,720,720
India_002679.jpg,720,720
India_002681.jpg,720,720
India_002685.jpg,720,720
India_002686.jpg,720,720
India_002689.jpg,720,720
India_002696.jpg,720,720
India_002697.jpg,720,720
India_002700.jpg,720,720
India_002702.jpg,720,720
India_002703.jpg,720,720
India_002705.jpg,720,720
India_002708.jpg,720,720
India_002710.jpg,720,720
India_002713.jpg,720,720
India_002714.jpg,720,720
India_002716.jpg,720,720
India_002717.jpg,720,720
India_002723.jpg,720,720
India_002725.jpg,720,720
India_002726.jpg,720,720
India_002729.jpg,720,720
India_002730.jpg,720,720
India_002735.jpg,720,720
India_002737.jpg,720,720
India_002739.jpg,720,720
India_002745.jpg,720,720
India_002749.jpg,720,720
India_002751.jpg,720,720
India_002752.jpg,720,720
India_002757.jpg,720,720
India_002759.jpg,720,720
India_002771.jpg,720,720
India_002772.jpg,720,720
India_002775.jpg,720,720
India_002777.jpg,720,720
India_002780.jpg,720,720
India_002782.jpg,720,720
India_002784.jpg,720,720
India_002787.jpg,720,720
India_002788.jpg,720,720
India_002790.jpg,720,720
India_002793.jpg,720,720
India_002795.jpg,720,720
India_002801.jpg,720,720
India_002804.jpg,720,720
India_002810.jpg,720,720
India_002815.jpg,720,720
India_002817.jpg,720,720
India_002818.jpg,720,720
India_002819.jpg,720,720
India_002821.jpg,720,720
India_002832.jpg,720,720
India_002835.jpg,720,720
India_002839.jpg,720,720
India_002840.jpg,720,720
India_002843.jpg,720,720
India_002846.jpg,720,720
India_002847.jpg,720,720
India_002849.jpg,720,720
India_002851.jpg,720,720
India_002854.jpg,720,720
India_002858.jpg,720,720
India_002860.jpg,720,720
India_002871.jpg,720,720
India_002873.jpg,720,720
India_002875.jpg,720,720
India_002877.jpg,720,720
India_002880.jpg,720,720
India_002881.jpg,720,720
India_002884.jpg,720,720
India_002885.jpg,720,720
India_002889.jpg,720,720
India_002892.jpg,720,720
India_002894.jpg,720,720
India_002895.jpg,720,720
India_002896.jpg,720,720
India_002900.jpg,720,720
India_002901.jpg,720,720
India_002903.jpg,720,720
India_002905.jpg,720,720
India_002909.jpg,720,720
India_002914.jpg,720,720
India_002921.jpg,720,720
India_002924.jpg,720,720
India_002925.jpg,720,720
India_002932.jpg,720,720
India_002934.jpg,720,720
India_002936.jpg,720,720
India_002939.jpg,720,720
India_002945.jpg,720,720
India_002946.jpg,720,720
India_002948.jpg,720,720
India_002949.jpg,720,720
India_002954.jpg,720,720
India_002956.jpg,720,720
India_002960.jpg,720,720
India_002961.jpg,720,720
India_002965.jpg,720,720
India_002967.jpg,720,720
India_002968.jpg,720,720
India_002970.jpg,720,720
India_002972.jpg,720,720
India_002973.jpg,720,720
India_002976.jpg,720,720
India_002978.jpg,720,720
India_002981.jpg,720,720
India_002984.jpg,720,720
India_002985.jpg,720,720
India_002991.jpg,720,720
India_002994.jpg,720,720
India_002995.jpg,720,720
India_002998.jpg,720,720
India_003001.jpg,720,720
India_003002.jpg,720,720
India_003004.jpg,720,720
India_003006.jpg,720,720
India_003007.jpg,720,720
India_003011.jpg,720,720
India_003013.jpg,720,720
India_003014.jpg,720,720
India_003015.jpg,720,720
India_003016.jpg,720,720
India_003017.jpg,720,720
India_003018.jpg,720,720
India_003023.jpg,720,720
India_003028.jpg,720,720
India_003029.jpg,720,720
India_003033.jpg,720,720
India_003034.jpg,720,720
India_003036.jpg,720,720
India_003039.jpg,720,720
India_003042.jpg,720,720
India_003045.jpg,720,720
India_003048.jpg,720,720
India_003049.jpg,720,720
India_003051.jpg,720,720
India_003052.jpg,720,720
India_003054.jpg,720,720
India_003055.jpg,720,720
India_003056.jpg,720,720
India_003057.jpg,720,720
India_003062.jpg,720,720
India_003063.jpg,720,720
India_003065.jpg,720,720
India_003069.jpg,720,720
India_003071.jpg,720,720
India_003075.jpg,720,720
India_003076.jpg,720,720
India_003078.jpg,720,720
India_003079.jpg,720,720
India_003081.jpg,720,720
India_003083.jpg,720,720
India_003085.jpg,720,720
India_003086.jpg,720,720
India_003087.jpg,720,720
India_003090.jpg,720,720
India_003091.jpg,720,720
India_003093.jpg,720,720
India_003094.jpg,720,720
India_003096.jpg,720,720
India_003100.jpg,720,720
India_003102.jpg,720,720
India_003103.jpg,720,720
India_003110.jpg,720,720
India_003111.jpg,720,720
India_003115.jpg,720,720
India_003116.jpg,720,720
India_003118.jpg,720,720
India_003119.jpg,720,720
India_003120.jpg,720,720
India_003121.jpg,720,720
India_003125.jpg,720,720
India_003126.jpg,720,720
India_003138.jpg,720,720
India_003143.jpg,720,720
India_003144.jpg,720,720
India_003146.jpg,720,720
India_003148.jpg,720,720
India_003150.jpg,720,720
India_003151.jpg,720,720
India_003152.jpg,720,720
India_003153.jpg,720,720
India_003155.jpg,720,720
India_003156.jpg,720,720
India_003161.jpg,720,720
India_003163.jpg,720,720
India_003164.jpg,720,720
India_003168.jpg,720,720
India_003171.jpg,720,720
India_003172.jpg,720,720
India_003177.jpg,720,720
India_003178.jpg,720,720
India_003180.jpg,720,720
India_003181.jpg,720,720
India_003185.jpg,720,720
India_003186.jpg,720,720
India_003191.jpg,720,720
India_003195.jpg,720,720
India_003200.jpg,720,720
India_003201.jpg,720,720
India_003203.jpg,720,720
India_003205.jpg,720,720
India_003214.jpg,720,720
India_003215.jpg,720,720
India_003217.jpg,720,720
India_003221.jpg,720,720
India_003228.jpg,720,720
India_003231.jpg,720,720
India_003236.jpg,720,720
India_003239.jpg,720,720
India_003240.jpg,720,720
India_003242.jpg,720,720
India_003243.jpg,720,720
India_003245.jpg,720,720
India_003246.jpg,720,720
India_003247.jpg,720,720
India_003251.jpg,720,720
India_003253.jpg,720,720
India_003254.jpg,720,720
India_003256.jpg,720,720
India_003262.jpg,720,720
India_003265.jpg,720,720
India_003270.jpg,720,720
India_003272.jpg,720,720
India_003274.jpg,720,720
India_003278.jpg,720,720
India_003284.jpg,720,720
India_003288.jpg,720,720
India_003290.jpg,720,720
India_003292.jpg,720,720
India_003293.jpg,720,720
India_003294.jpg,720,720
India_003299.jpg,720,720
India_003300.jpg,720,720
India_003309.jpg,720,720
India_003310.jpg,720,720
India_003311.jpg,720,720
India_003312.jpg,720,720
India_003313.jpg,720,720
India_003317.jpg,720,720
India_003318.jpg,720,720
India_003319.jpg,720,720
India_003320.jpg,720,720
India_003321.jpg,720,720
India_003323.jpg,720,720
India_003334.jpg,720,720
India_003339.jpg,720,720
India_003340.jpg,720,720
India_003345.jpg,720,720
India_003347.jpg,720,720
India_003349.jpg,720,720
India_003352.jpg,720,720
India_003353.jpg,720,720
India_003354.jpg,720,720
India_003356.jpg,720,720
India_003359.jpg,720,720
India_003362.jpg,720,720
India_003363.jpg,720,720
India_003365.jpg,720,720
India_003366.jpg,720,720
India_003368.jpg,720,720
India_003370.jpg,720,720
India_003372.jpg,720,720
India_003373.jpg,720,720
India_003376.jpg,720,720
India_003378.jpg,720,720
India_003384.jpg,720,720
India_003387.jpg,720,720
India_003388.jpg,720,720
India_003391.jpg,720,720
India_003392.jpg,720,720
India_003395.jpg,720,720
India_003398.jpg,720,720
India_003401.jpg,720,720
India_003404.jpg,720,720
India_003406.jpg,720,720
India_003409.jpg,720,720
India_003411.jpg,720,720
India_003412.jpg,720,720
India_003414.jpg,720,720
India_003415.jpg,720,720
India_003422.jpg,720,720
India_003424.jpg,720,720
India_003426.jpg,720,720
India_003427.jpg,720,720
India_003431.jpg,720,720
India_003432.jpg,720,720
India_003433.jpg,720,720
India_003435.jpg,720,720
India_003443.jpg,720,720
India_003444.jpg,720,720
India_003445.jpg,720,720
India_003446.jpg,720,720
India_003452.jpg,720,720
India_003455.jpg,720,720
India_003456.jpg,720,720
India_003462.jpg,720,720
India_003465.jpg,720,720
India_003466.jpg,720,720
India_003468.jpg,720,720
India_003469.jpg,720,720
India_003473.jpg,720,720
India_003475.jpg,720,720
India_003480.jpg,720,720
India_003482.jpg,720,720
India_003490.jpg,720,720
India_003491.jpg,720,720
India_003494.jpg,720,720
India_003495.jpg,720,720
India_003496.jpg,720,720
India_003498.jpg,720,720
India_003501.jpg,720,720
India_003502.jpg,720,720
India_003505.jpg,720,720
India_003507.jpg,720,720
India_003508.jpg,720,720
India_003512.jpg,720,720
India_003515.jpg,720,720
India_003517.jpg,720,720
India_003521.jpg,720,720
India_003522.jpg,720,720
India_003523.jpg,720,720
India_003526.jpg,720,720
India_003535.jpg,720,720
India_003539.jpg,720,720
India_003542.jpg,720,720
India_003543.jpg,720,720
India_003546.jpg,720,720
India_003547.jpg,720,720
India_003548.jpg,720,720
India_003550.jpg,720,720
India_003553.jpg,720,720
India_003556.jpg,720,720
India_003558.jpg,720,720
India_003560.jpg,720,720
India_003561.jpg,720,720
India_003565.jpg,720,720
India_003566.jpg,720,720
India_003567.jpg,720,720
India_003568.jpg,720,720
India_003569.jpg,720,720
India_003571.jpg,720,720
India_003576.jpg,720,720
India_003580.jpg,720,720
India_003586.jpg,720,720
India_003587.jpg,720,720
India_003589.jpg,720,720
India_003592.jpg,720,720
India_003597.jpg,720,720
India_003599.jpg,720,720
India_003601.jpg,720,720
India_003605.jpg,720,720
India_003609.jpg,720,720
India_003610.jpg,720,720
India_003611.jpg,720,720
India_003614.jpg,720,720
India_003616.jpg,720,720
India_003619.jpg,720,720
India_003624.jpg,720,720
India_003627.jpg,720,720
India_003628.jpg,720,720
India_003631.jpg,720,720
India_003632.jpg,720,720
India_003633.jpg,720,720
India_003634.jpg,720,720
India_003636.jpg,720,720
India_003637.jpg,720,720
India_003642.jpg,720,720
India_003643.jpg,720,720
India_003648.jpg,720,720
India_003651.jpg,720,720
India_003652.jpg,720,720
India_003654.jpg,720,720
India_003658.jpg,720,720
India_003660.jpg,720,720
India_003661.jpg,720,720
India_003667.jpg,720,720
India_003668.jpg,720,720
India_003674.jpg,720,720
India_003677.jpg,720,720
India_003681.jpg,720,720
India_003682.jpg,720,720
India_003683.jpg,720,720
India_003684.jpg,720,720
India_003686.jpg,720,720
India_003691.jpg,720,720
India_003695.jpg,720,720
India_003696.jpg,720,720
India_003697.jpg,720,720
India_003699.jpg,720,720
India_003700.jpg,720,720
India_003701.jpg,720,720
India_003702.jpg,720,720
India_003704.jpg,720,720
India_003709.jpg,720,720
India_003710.jpg,720,720
India_003712.jpg,720,720
India_003717.jpg,720,720
India_003722.jpg,720,720
India_003724.jpg,720,720
India_003728.jpg,720,720
India_003731.jpg,720,720
India_003733.jpg,720,720
India_003734.jpg,720,720
India_003736.jpg,720,720
India_003738.jpg,720,720
India_003739.jpg,720,720
India_003741.jpg,720,720
India_003742.jpg,720,720
India_003747.jpg,720,720
India_003751.jpg,720,720
India_003753.jpg,720,720
India_003754.jpg,720,720
India_003755.jpg,720,720
India_003757.jpg,720,720
India_003759.jpg,720,720
India_003760.jpg,720,720
India_003761.jpg,720,720
India_003764.jpg,720,720
India_003766.jpg,720,720
India_003767.jpg,720,720
India_003769.jpg,720,720
India_003774.jpg,720,720
India_003776.jpg,720,720
India_003778.jpg,720,720
India_003780.jpg,720,720
India_003784.jpg,720,720
India_003788.jpg,720,720
India_003789.jpg,720,720
India_003795.jpg,720,720
India_003800.jpg,720,720
India_003805.jpg,720,720
India_003806.jpg,720,720
India_003810.jpg,720,720
India_003811.jpg,720,720
India_003814.jpg,720,720
India_003817.jpg,720,720
India_003820.jpg,720,720
India_003824.jpg,720,720
India_003825.jpg,720,720
India_003827.jpg,720,720
India_003828.jpg,720,720
India_003831.jpg,720,720
India_003832.jpg,720,720
India_003835.jpg,720,720
India_003838.jpg,720,720
India_003839.jpg,720,720
India_003841.jpg,720,720
India_003842.jpg,720,720
India_003849.jpg,720,720
India_003850.jpg,720,720
India_003852.jpg,720,720
India_003854.jpg,720,720
India_003857.jpg,720,720
India_003859.jpg,720,720
India_003864.jpg,720,720
India_003865.jpg,720,720
India_003867.jpg,720,720
India_003872.jpg,720,720
India_003878.jpg,720,720
India_003879.jpg,720,720
India_003881.jpg,720,720
India_003882.jpg,720,720
India_003883.jpg,720,720
India_003884.jpg,720,720
India_003885.jpg,720,720
India_003886.jpg,720,720
India_003893.jpg,720,720
India_003901.jpg,720,720
India_003908.jpg,720,720
India_003909.jpg,720,720
India_003911.jpg,720,720
India_003913.jpg,720,720
India_003917.jpg,720,720
India_003919.jpg,720,720
India_003920.jpg,720,720
India_003923.jpg,720,720
India_003925.jpg,720,720
India_003926.jpg,720,720
India_003928.jpg,720,720
India_003929.jpg,720,720
India_003936.jpg,720,720
India_003937.jpg,720,720
India_003938.jpg,720,720
India_003939.jpg,720,720
India_003941.jpg,720,720
India_003942.jpg,720,720
India_003943.jpg,720,720
India_003944.jpg,720,720
India_003946.jpg,720,720
India_003948.jpg,720,720
India_003951.jpg,720,720
India_003953.jpg,720,720
India_003954.jpg,720,720
India_003967.jpg,720,720
India_003969.jpg,720,720
India_003973.jpg,720,720
India_003975.jpg,720,720
India_003976.jpg,720,720
India_003980.jpg,720,720
India_003981.jpg,720,720
India_003983.jpg,720,720
India_003987.jpg,720,720
India_003992.jpg,720,720
India_003993.jpg,720,720
India_003995.jpg,720,720
India_003999.jpg,720,720
India_004001.jpg,720,720
India_004003.jpg,720,720
India_004004.jpg,720,720
India_004009.jpg,720,720
India_004011.jpg,720,720
India_004015.jpg,720,720
India_004022.jpg,720,720
India_004028.jpg,720,720
India_004029.jpg,720,720
India_004033.jpg,720,720
India_004035.jpg,720,720
India_004036.jpg,720,720
India_004039.jpg,720,720
India_004040.jpg,720,720
India_004043.jpg,720,720
India_004047.jpg,720,720
India_004048.jpg,720,720
India_004051.jpg,720,720
India_004053.jpg,720,720
India_004060.jpg,720,720
India_004061.jpg,720,720
India_004064.jpg,720,720
India_004065.jpg,720,720
India_004066.jpg,720,720
India_004070.jpg,720,720
India_004071.jpg,720,720
India_004073.jpg,720,720
India_004074.jpg,720,720
India_004077.jpg,720,720
India_004079.jpg,720,720
India_004080.jpg,720,720
India_004081.jpg,720,720
India_004084.jpg,720,720
India_004086.jpg,720,720
India_004091.jpg,720,720
India_004092.jpg,720,720
India_004100.jpg,720,720
India_004101.jpg,720,720
India_004102.jpg,720,720
India_004104.jpg,720,720
India_004107.jpg,720,720
India_004108.jpg,720,720
India_004109.jpg,720,720
India_004110.jpg,720,720
India_004115.jpg,720,720
India_004116.jpg,720,720
India_004117.jpg,720,720
India_004120.jpg,720,720
India_004121.jpg,720,720
India_004122.jpg,720,720
India_004126.jpg,720,720
India_004132.jpg,720,720
India_004133.jpg,720,720
India_004134.jpg,720,720
India_004135.jpg,720,720
India_004136.jpg,720,720
India_004138.jpg,720,720
India_004139.jpg,720,720
India_004143.jpg,720,720
India_004147.jpg,720,720
India_004149.jpg,720,720
India_004151.jpg,720,720
India_004154.jpg,720,720
India_004157.jpg,720,720
India_004158.jpg,720,720
India_004161.jpg,720,720
India_004162.jpg,720,720
India_004171.jpg,720,720
India_004176.jpg,720,720
India_004178.jpg,720,720
India_004181.jpg,720,720
India_004183.jpg,720,720
India_004184.jpg,720,720
India_004185.jpg,720,720
India_004191.jpg,720,720
India_004193.jpg,720,720
India_004194.jpg,720,720
India_004195.jpg,720,720
India_004196.jpg,720,720
India_004199.jpg,720,720
India_004200.jpg,720,720
India_004201.jpg,720,720
India_004205.jpg,720,720
India_004208.jpg,720,720
India_004209.jpg,720,720
India_004210.jpg,720,720
India_004226.jpg,720,720
India_004227.jpg,720,720
India_004230.jpg,720,720
India_004232.jpg,720,720
India_004233.jpg,720,720
India_004238.jpg,720,720
India_004241.jpg,720,720
India_004242.jpg,720,720
India_004243.jpg,720,720
India_004249.jpg,720,720
India_004253.jpg,720,720
India_004256.jpg,720,720
India_004257.jpg,720,720
India_004263.jpg,720,720
India_004264.jpg,720,720
India_004268.jpg,720,720
India_004270.jpg,720,720
India_004273.jpg,720,720
India_004274.jpg,720,720
India_004277.jpg,720,720
India_004278.jpg,720,720
India_004282.jpg,720,720
India_004285.jpg,720,720
India_004290.jpg,720,720
India_004293.jpg,720,720
India_004294.jpg,720,720
India_004297.jpg,720,720
India_004298.jpg,720,720
India_004299.jpg,720,720
India_004306.jpg,720,720
India_004309.jpg,720,720
India_004310.jpg,720,720
India_004311.jpg,720,720
India_004312.jpg,720,720
India_004315.jpg,720,720
India_004316.jpg,720,720
India_004320.jpg,720,720
India_004321.jpg,720,720
India_004327.jpg,720,720
India_004328.jpg,720,720
India_004331.jpg,720,720
India_004338.jpg,720,720
India_004339.jpg,720,720
India_004340.jpg,720,720
India_004341.jpg,720,720
India_004342.jpg,720,720
India_004343.jpg,720,720
India_004345.jpg,720,720
India_004348.jpg,720,720
India_004352.jpg,720,720
India_004359.jpg,720,720
India_004362.jpg,720,720
India_004363.jpg,720,720
India_004364.jpg,720,720
India_004365.jpg,720,720
India_004366.jpg,720,720
India_004370.jpg,720,720
India_004371.jpg,720,720
India_004374.jpg,720,720
India_004375.jpg,720,720
India_004376.jpg,720,720
India_004380.jpg,720,720
India_004385.jpg,720,720
India_004387.jpg,720,720
India_004390.jpg,720,720
India_004392.jpg,720,720
India_004393.jpg,720,720
India_004394.jpg,720,720
India_004396.jpg,720,720
India_004398.jpg,720,720
India_004402.jpg,720,720
India_004403.jpg,720,720
India_004407.jpg,720,720
India_004408.jpg,720,720
India_004410.jpg,720,720
India_004414.jpg,720,720
India_004419.jpg,720,720
India_004421.jpg,720,720
India_004423.jpg,720,720
India_004427.jpg,720,720
India_004430.jpg,720,720
India_004434.jpg,720,720
India_004437.jpg,720,720
India_004441.jpg,720,720
India_004443.jpg,720,720
India_004444.jpg,720,720
India_004448.jpg,720,720
India_004449.jpg,720,720
India_004450.jpg,720,720
India_004456.jpg,720,720
India_004457.jpg,720,720
India_004458.jpg,720,720
India_004459.jpg,720,720
India_004461.jpg,720,720
India_004464.jpg,720,720
India_004465.jpg,720,720
India_004468.jpg,720,720
India_004469.jpg,720,720
India_004472.jpg,720,720
India_004479.jpg,720,720
India_004480.jpg,720,720
India_004482.jpg,720,720
India_004483.jpg,720,720
India_004484.jpg,720,720
India_004485.jpg,720,720
India_004489.jpg,720,720
India_004497.jpg,720,720
India_004500.jpg,720,720
India_004504.jpg,720,720
India_004508.jpg,720,720
India_004509.jpg,720,720
India_004511.jpg,720,720
India_004512.jpg,720,720
India_004513.jpg,720,720
India_004523.jpg,720,720
India_004524.jpg,720,720
India_004525.jpg,720,720
India_004531.jpg,720,720
India_004533.jpg,720,720
India_004537.jpg,720,720
India_004542.jpg,720,720
India_004543.jpg,720,720
India_004548.jpg,720,720
India_004549.jpg,720,720
India_004550.jpg,720,720
India_004551.jpg,720,720
India_004553.jpg,720,720
India_004554.jpg,720,720
India_004556.jpg,720,720
India_004562.jpg,720,720
India_004563.jpg,720,720
India_004565.jpg,720,720
India_004568.jpg,720,720
India_004570.jpg,720,720
India_004571.jpg,720,720
India_004572.jpg,720,720
India_004575.jpg,720,720
India_004580.jpg,720,720
India_004584.jpg,720,720
India_004586.jpg,720,720
India_004588.jpg,720,720
India_004592.jpg,720,720
India_004593.jpg,720,720
India_004599.jpg,720,720
India_004600.jpg,720,720
India_004601.jpg,720,720
India_004602.jpg,720,720
India_004606.jpg,720,720
India_004612.jpg,720,720
India_004613.jpg,720,720
India_004616.jpg,720,720
India_004618.jpg,720,720
India_004626.jpg,720,720
India_004627.jpg,720,720
India_004629.jpg,720,720
India_004632.jpg,720,720
India_004633.jpg,720,720
India_004636.jpg,720,720
India_004637.jpg,720,720
India_004639.jpg,720,720
India_004646.jpg,720,720
India_004649.jpg,720,720
India_004650.jpg,720,720
India_004651.jpg,720,720
India_004655.jpg,720,720
India_004657.jpg,720,720
India_004658.jpg,720,720
India_004663.jpg,720,720
India_004664.jpg,720,720
India_004666.jpg,720,720
India_004669.jpg,720,720
India_004671.jpg,720,720
India_004675.jpg,720,720
India_004679.jpg,720,720
India_004686.jpg,720,720
India_004687.jpg,720,720
India_004689.jpg,720,720
India_004690.jpg,720,720
India_004694.jpg,720,720
India_004695.jpg,720,720
India_004700.jpg,720,720
India_004701.jpg,720,720
India_004702.jpg,720,720
India_004703.jpg,720,720
India_004704.jpg,720,720
India_004705.jpg,720,720
India_004706.jpg,720,720
India_004709.jpg,720,720
India_004710.jpg,720,720
India_004714.jpg,720,720
India_004715.jpg,720,720
India_004716.jpg,720,720
India_004717.jpg,720,720
India_004718.jpg,720,720
India_004719.jpg,720,720
India_004721.jpg,720,720
India_004723.jpg,720,720
India_004724.jpg,720,720
India_004726.jpg,720,720
India_004727.jpg,720,720
India_004730.jpg,720,720
India_004732.jpg,720,720
India_004735.jpg,720,720
India_004738.jpg,720,720
India_004739.jpg,720,720
India_004743.jpg,720,720
India_004749.jpg,720,720
India_004750.jpg,720,720
India_004755.jpg,720,720
India_004756.jpg,720,720
India_004758.jpg,720,720
India_004759.jpg,720,720
India_004761.jpg,720,720
India_004768.jpg,720,720
India_004770.jpg,720,720
India_004778.jpg,720,720
India_004779.jpg,720,720
India_004798.jpg,720,720
India_004799.jpg,720,720
India_004801.jpg,720,720
India_004803.jpg,720,720
India_004805.jpg,720,720
India_004806.jpg,720,720
India_004809.jpg,720,720
India_004812.jpg,720,720
India_004815.jpg,720,720
India_004816.jpg,720,720
India_004817.jpg,720,720
India_004819.jpg,720,720
India_004822.jpg,720,720
India_004827.jpg,720,720
India_004828.jpg,720,720
India_004830.jpg,720,720
India_004832.jpg,720,720
India_004837.jpg,720,720
India_004838.jpg,720,720
India_004842.jpg,720,720
India_004851.jpg,720,720
India_004853.jpg,720,720
India_004854.jpg,720,720
India_004863.jpg,720,720
India_004865.jpg,720,720
India_004876.jpg,720,720
India_004877.jpg,720,720
India_004880.jpg,720,720
India_004882.jpg,720,720
India_004887.jpg,720,720
India_004891.jpg,720,720
India_004894.jpg,720,720
India_004896.jpg,720,720
India_004898.jpg,720,720
India_004899.jpg,720,720
India_004904.jpg,720,720
India_004906.jpg,720,720
India_004907.jpg,720,720
India_004908.jpg,720,720
India_004911.jpg,720,720
India_004912.jpg,720,720
India_004914.jpg,720,720
India_004917.jpg,720,720
India_004919.jpg,720,720
India_004920.jpg,720,720
India_004922.jpg,720,720
India_004924.jpg,720,720
India_004928.jpg,720,720
India_004934.jpg,720,720
India_004935.jpg,720,720
India_004937.jpg,720,720
India_004938.jpg,720,720
India_004940.jpg,720,720
India_004944.jpg,720,720
India_004949.jpg,720,720
India_004954.jpg,720,720
India_004958.jpg,720,720
India_004959.jpg,720,720
India_004965.jpg,720,720
India_004977.jpg,720,720
India_004980.jpg,720,720
India_004981.jpg,720,720
India_004982.jpg,720,720
India_004984.jpg,720,720
India_004987.jpg,720,720
India_004989.jpg,720,720
India_004992.jpg,720,720
India_004993.jpg,720,720
India_004997.jpg,720,720
India_004998.jpg,720,720
India_005005.jpg,720,720
India_005006.jpg,720,720
India_005014.jpg,720,720
India_005016.jpg,720,720
India_005022.jpg,720,720
India_005025.jpg,720,720
India_005030.jpg,720,720
India_005035.jpg,720,720
India_005036.jpg,720,720
India_005040.jpg,720,720
India_005044.jpg,720,720
India_005046.jpg,720,720
India_005047.jpg,720,720
India_005048.jpg,720,720
India_005050.jpg,720,720
India_005053.jpg,720,720
India_005055.jpg,720,720
India_005059.jpg,720,720
India_005061.jpg,720,720
India_005062.jpg,720,720
India_005067.jpg,720,720
India_005070.jpg,720,720
India_005071.jpg,720,720
India_005073.jpg,720,720
India_005075.jpg,720,720
India_005078.jpg,720,720
India_005080.jpg,720,720
India_005081.jpg,720,720
India_005084.jpg,720,720
India_005086.jpg,720,720
India_005088.jpg,720,720
India_005090.jpg,720,720
India_005094.jpg,720,720
India_005103.jpg,720,720
India_005104.jpg,720,720
India_005120.jpg,720,720
India_005121.jpg,720,720
India_005122.jpg,720,720
India_005123.jpg,720,720
India_005124.jpg,720,720
India_005127.jpg,720,720
India_005129.jpg,720,720
India_005133.jpg,720,720
India_005134.jpg,720,720
India_005135.jpg,720,720
India_005138.jpg,720,720
India_005141.jpg,720,720
India_005143.jpg,720,720
India_005147.jpg,720,720
India_005150.jpg,720,720
India_005151.jpg,720,720
India_005152.jpg,720,720
India_005153.jpg,720,720
India_005163.jpg,720,720
India_005166.jpg,720,720
India_005168.jpg,720,720
India_005173.jpg,720,720
India_005174.jpg,720,720
India_005176.jpg,720,720
India_005179.jpg,720,720
India_005186.jpg,720,720
India_005188.jpg,720,720
India_005191.jpg,720,720
India_005197.jpg,720,720
India_005201.jpg,720,720
India_005210.jpg,720,720
India_005212.jpg,720,720
India_005214.jpg,720,720
India_005218.jpg,720,720
India_005219.jpg,720,720
India_005220.jpg,720,720
India_005225.jpg,720,720
India_005231.jpg,720,720
India_005233.jpg,720,720
India_005234.jpg,720,720
India_005242.jpg,720,720
India_005245.jpg,720,720
India_005246.jpg,720,720
India_005247.jpg,720,720
India_005254.jpg,720,720
India_005256.jpg,720,720
India_005257.jpg,720,720
India_005258.jpg,720,720
India_005260.jpg,720,720
India_005262.jpg,720,720
India_005266.jpg,720,720
India_005269.jpg,720,720
India_005272.jpg,720,720
India_005277.jpg,720,720
India_005278.jpg,720,720
India_005280.jpg,720,720
India_005282.jpg,720,720
India_005284.jpg,720,720
India_005285.jpg,720,720
India_005286.jpg,720,720
India_005289.jpg,720,720
India_005291.jpg,720,720
India_005294.jpg,720,720
India_005297.jpg,720,720
India_005298.jpg,720,720
India_005302.jpg,720,720
India_005305.jpg,720,720
India_005310.jpg,720,720
India_005314.jpg,720,720
India_005316.jpg,720,720
India_005317.jpg,720,720
India_005319.jpg,720,720
India_005320.jpg,720,720
India_005322.jpg,720,720
India_005324.jpg,720,720
India_005328.jpg,720,720
India_005330.jpg,720,720
India_005334.jpg,720,720
India_005337.jpg,720,720
India_005338.jpg,720,720
India_005343.jpg,720,720
India_005346.jpg,720,720
India_005347.jpg,720,720
India_005348.jpg,720,720
India_005350.jpg,720,720
India_005351.jpg,720,720
India_005354.jpg,720,720
India_005361.jpg,720,720
India_005365.jpg,720,720
India_005369.jpg,720,720
India_005372.jpg,720,720
India_005373.jpg,720,720
India_005374.jpg,720,720
India_005376.jpg,720,720
India_005388.jpg,720,720
India_005389.jpg,720,720
India_005393.jpg,720,720
India_005394.jpg,720,720
India_005397.jpg,720,720
India_005398.jpg,720,720
India_005399.jpg,720,720
India_005402.jpg,720,720
India_005404.jpg,720,720
India_005410.jpg,720,720
India_005411.jpg,720,720
India_005412.jpg,720,720
India_005415.jpg,720,720
India_005419.jpg,720,720
India_005420.jpg,720,720
India_005421.jpg,720,720
India_005422.jpg,720,720
India_005423.jpg,720,720
India_005424.jpg,720,720
India_005427.jpg,720,720
India_005428.jpg,720,720
India_005429.jpg,720,720
India_005431.jpg,720,720
India_005433.jpg,720,720
India_005436.jpg,720,720
India_005438.jpg,720,720
India_005439.jpg,720,720
India_005441.jpg,720,720
India_005445.jpg,720,720
India_005446.jpg,720,720
India_005447.jpg,720,720
India_005453.jpg,720,720
India_005455.jpg,720,720
India_005458.jpg,720,720
India_005461.jpg,720,720
India_005465.jpg,720,720
India_005467.jpg,720,720
India_005469.jpg,720,720
India_005472.jpg,720,720
India_005473.jpg,720,720
India_005475.jpg,720,720
India_005485.jpg,720,720
India_005486.jpg,720,720
India_005489.jpg,720,720
India_005490.jpg,720,720
India_005491.jpg,720,720
India_005492.jpg,720,720
India_005493.jpg,720,720
India_005496.jpg,720,720
India_005497.jpg,720,720
India_005505.jpg,720,720
India_005507.jpg,720,720
India_005510.jpg,720,720
India_005519.jpg,720,720
India_005526.jpg,720,720
India_005528.jpg,720,720
India_005534.jpg,720,720
India_005535.jpg,720,720
India_005539.jpg,720,720
India_005541.jpg,720,720
India_005543.jpg,720,720
India_005544.jpg,720,720
India_005545.jpg,720,720
India_005546.jpg,720,720
India_005547.jpg,720,720
India_005548.jpg,720,720
India_005550.jpg,720,720
India_005557.jpg,720,720
India_005559.jpg,720,720
India_005561.jpg,720,720
India_005563.jpg,720,720
India_005564.jpg,720,720
India_005568.jpg,720,720
India_005569.jpg,720,720
India_005576.jpg,720,720
India_005578.jpg,720,720
India_005579.jpg,720,720
India_005580.jpg,720,720
India_005588.jpg,720,720
India_005593.jpg,720,720
India_005595.jpg,720,720
India_005600.jpg,720,720
India_005601.jpg,720,720
India_005603.jpg,720,720
India_005608.jpg,720,720
India_005611.jpg,720,720
India_005612.jpg,720,720
India_005613.jpg,720,720
India_005616.jpg,720,720
India_005619.jpg,720,720
India_005621.jpg,720,720
India_005623.jpg,720,720
India_005636.jpg,720,720
India_005639.jpg,720,720
India_005643.jpg,720,720
India_005645.jpg,720,720
India_005654.jpg,720,720
India_005655.jpg,720,720
India_005656.jpg,720,720
India_005660.jpg,720,720
India_005661.jpg,720,720
India_005670.jpg,720,720
India_005672.jpg,720,720
India_005676.jpg,720,720
India_005678.jpg,720,720
India_005680.jpg,720,720
India_005681.jpg,720,720
India_005682.jpg,720,720
India_005693.jpg,720,720
India_005697.jpg,720,720
India_005698.jpg,720,720
India_005699.jpg,720,720
India_005700.jpg,720,720
India_005701.jpg,720,720
India_005702.jpg,720,720
India_005704.jpg,720,720
India_005706.jpg,720,720
India_005707.jpg,720,720
India_005711.jpg,720,720
India_005713.jpg,720,720
India_005714.jpg,720,720
India_005715.jpg,720,720
India_005717.jpg,720,720
India_005724.jpg,720,720
India_005725.jpg,720,720
India_005726.jpg,720,720
India_005727.jpg,720,720
India_005728.jpg,720,720
India_005732.jpg,720,720
India_005743.jpg,720,720
India_005746.jpg,720,720
India_005751.jpg,720,720
India_005754.jpg,720,720
India_005755.jpg,720,720
India_005757.jpg,720,720
India_005758.jpg,720,720
India_005760.jpg,720,720
India_005761.jpg,720,720
India_005762.jpg,720,720
India_005765.jpg,720,720
India_005767.jpg,720,720
India_005774.jpg,720,720
India_005775.jpg,720,720
India_005777.jpg,720,720
India_005778.jpg,720,720
India_005781.jpg,720,720
India_005783.jpg,720,720
India_005784.jpg,720,720
India_005788.jpg,720,720
India_005790.jpg,720,720
India_005797.jpg,720,720
India_005801.jpg,720,720
India_005803.jpg,720,720
India_005807.jpg,720,720
India_005810.jpg,720,720
India_005811.jpg,720,720
India_005812.jpg,720,720
India_005815.jpg,720,720
India_005817.jpg,720,720
India_005820.jpg,720,720
India_005824.jpg,720,720
India_005829.jpg,720,720
India_005830.jpg,720,720
India_005833.jpg,720,720
India_005835.jpg,720,720
India_005839.jpg,720,720
India_005842.jpg,720,720
India_005843.jpg,720,720
India_005844.jpg,720,720
India_005847.jpg,720,720
India_005848.jpg,720,720
India_005849.jpg,720,720
India_005850.jpg,720,720
India_005853.jpg,720,720
India_005856.jpg,720,720
India_005857.jpg,720,720
India_005859.jpg,720,720
India_005861.jpg,720,720
India_005862.jpg,720,720
India_005866.jpg,720,720
India_005868.jpg,720,720
India_005870.jpg,720,720
India_005871.jpg,720,720
India_005872.jpg,720,720
India_005873.jpg,720,720
India_005875.jpg,720,720
India_005876.jpg,720,720
India_005878.jpg,720,720
India_005881.jpg,720,720
India_005882.jpg,720,720
India_005883.jpg,720,720
India_005884.jpg,720,720
India_005886.jpg,720,720
India_005887.jpg,720,720
India_005889.jpg,720,720
India_005890.jpg,720,720
India_005894.jpg,720,720
India_005895.jpg,720,720
India_005900.jpg,720,720
India_005901.jpg,720,720
India_005903.jpg,720,720
India_005905.jpg,720,720
India_005909.jpg,720,720
India_005911.jpg,720,720
India_005913.jpg,720,720
India_005916.jpg,720,720
India_005917.jpg,720,720
India_005919.jpg,720,720
India_005921.jpg,720,720
India_005923.jpg,720,720
India_005926.jpg,720,720
India_005929.jpg,720,720
India_005933.jpg,720,720
India_005934.jpg,720,720
India_005935.jpg,720,720
India_005936.jpg,720,720
India_005937.jpg,720,720
India_005938.jpg,720,720
India_005941.jpg,720,720
India_005944.jpg,720,720
India_005948.jpg,720,720
India_005949.jpg,720,720
India_005954.jpg,720,720
India_005958.jpg,720,720
India_005959.jpg,720,720
India_005962.jpg,720,720
India_005964.jpg,720,720
India_005967.jpg,720,720
India_005968.jpg,720,720
India_005969.jpg,720,720
India_005970.jpg,720,720
India_005971.jpg,720,720
India_005972.jpg,720,720
India_005973.jpg,720,720
India_005974.jpg,720,720
India_005975.jpg,720,720
India_005976.jpg,720,720
India_005983.jpg,720,720
India_005986.jpg,720,720
India_005988.jpg,720,720
India_005991.jpg,720,720
India_005992.jpg,720,720
India_005993.jpg,720,720
India_005994.jpg,720,720
India_005995.jpg,720,720
India_005996.jpg,720,720
India_006000.jpg,720,720
India_006003.jpg,720,720
India_006004.jpg,720,720
India_006008.jpg,720,720
India_006012.jpg,720,720
India_006014.jpg,720,720
India_006020.jpg,720,720
India_006025.jpg,720,720
India_006026.jpg,720,720
India_006027.jpg,720,720
India_006029.jpg,720,720
India_006030.jpg,720,720
India_006031.jpg,720,720
India_006033.jpg,720,720
India_006035.jpg,720,720
India_006036.jpg,720,720
India_006042.jpg,720,720
India_006045.jpg,720,720
India_006049.jpg,720,720
India_006050.jpg,720,720
India_006057.jpg,720,720
India_006058.jpg,720,720
India_006060.jpg,720,720
India_006061.jpg,720,720
India_006062.jpg,720,720
India_006063.jpg,720,720
India_006065.jpg,720,720
India_006071.jpg,720,720
India_006074.jpg,720,720
India_006076.jpg,720,720
India_006077.jpg,720,720
India_006078.jpg,720,720
India_006079.jpg,720,720
India_006080.jpg,720,720
India_006087.jpg,720,720
India_006088.jpg,720,720
India_006091.jpg,720,720
India_006093.jpg,720,720
India_006094.jpg,720,720
India_006095.jpg,720,720
India_006096.jpg,720,720
India_006097.jpg,720,720
India_006098.jpg,720,720
India_006100.jpg,720,720
India_006103.jpg,720,720
India_006104.jpg,720,720
India_006108.jpg,720,720
India_006109.jpg,720,720
India_006111.jpg,720,720
India_006112.jpg,720,720
India_006114.jpg,720,720
India_006115.jpg,720,720
India_006117.jpg,720,720
India_006121.jpg,720,720
India_006124.jpg,720,720
India_006125.jpg,720,720
India_006126.jpg,720,720
India_006127.jpg,720,720
India_006128.jpg,720,720
India_006129.jpg,720,720
India_006131.jpg,720,720
India_006132.jpg,720,720
India_006133.jpg,720,720
India_006137.jpg,720,720
India_006148.jpg,720,720
India_006150.jpg,720,720
India_006152.jpg,720,720
India_006160.jpg,720,720
India_006163.jpg,720,720
India_006165.jpg,720,720
India_006167.jpg,720,720
India_006170.jpg,720,720
India_006174.jpg,720,720
India_006175.jpg,720,720
India_006177.jpg,720,720
India_006180.jpg,720,720
India_006186.jpg,720,720
India_006187.jpg,720,720
India_006192.jpg,720,720
India_006194.jpg,720,720
India_006197.jpg,720,720
India_006201.jpg,720,720
India_006202.jpg,720,720
India_006205.jpg,720,720
India_006210.jpg,720,720
India_006212.jpg,720,720
India_006213.jpg,720,720
India_006214.jpg,720,720
India_006215.jpg,720,720
India_006219.jpg,720,720
India_006220.jpg,720,720
India_006221.jpg,720,720
India_006228.jpg,720,720
India_006229.jpg,720,720
India_006233.jpg,720,720
India_006237.jpg,720,720
India_006238.jpg,720,720
India_006239.jpg,720,720
India_006240.jpg,720,720
India_006241.jpg,720,720
India_006244.jpg,720,720
India_006245.jpg,720,720
India_006248.jpg,720,720
India_006250.jpg,720,720
India_006253.jpg,720,720
India_006255.jpg,720,720
India_006257.jpg,720,720
India_006260.jpg,720,720
India_006262.jpg,720,720
India_006266.jpg,720,720
India_006268.jpg,720,720
India_006269.jpg,720,720
India_006274.jpg,720,720
India_006275.jpg,720,720
India_006280.jpg,720,720
India_006281.jpg,720,720
India_006286.jpg,720,720
India_006287.jpg,720,720
India_006290.jpg,720,720
India_006293.jpg,720,720
India_006295.jpg,720,720
India_006297.jpg,720,720
India_006300.jpg,720,720
India_006302.jpg,720,720
India_006305.jpg,720,720
India_006310.jpg,720,720
India_006314.jpg,720,720
India_006316.jpg,720,720
India_006318.jpg,720,720
India_006319.jpg,720,720
India_006320.jpg,720,720
India_006322.jpg,720,720
India_006325.jpg,720,720
India_006326.jpg,720,720
India_006327.jpg,720,720
India_006328.jpg,720,720
India_006329.jpg,720,720
India_006330.jpg,720,720
India_006336.jpg,720,720
India_006337.jpg,720,720
India_006338.jpg,720,720
India_006339.jpg,720,720
India_006342.jpg,720,720
India_006360.jpg,720,720
India_006361.jpg,720,720
India_006362.jpg,720,720
India_006363.jpg,720,720
India_006364.jpg,720,720
India_006365.jpg,720,720
India_006367.jpg,720,720
India_006368.jpg,720,720
India_006369.jpg,720,720
India_006370.jpg,720,720
India_006371.jpg,720,720
India_006373.jpg,720,720
India_006375.jpg,720,720
India_006378.jpg,720,720
India_006381.jpg,720,720
India_006382.jpg,720,720
India_006383.jpg,720,720
India_006386.jpg,720,720
India_006388.jpg,720,720
India_006389.jpg,720,720
India_006390.jpg,720,720
India_006392.jpg,720,720
India_006395.jpg,720,720
India_006397.jpg,720,720
India_006398.jpg,720,720
India_006401.jpg,720,720
India_006406.jpg,720,720
India_006411.jpg,720,720
India_006414.jpg,720,720
India_006415.jpg,720,720
India_006426.jpg,720,720
India_006428.jpg,720,720
India_006433.jpg,720,720
India_006441.jpg,720,720
India_006444.jpg,720,720
India_006446.jpg,720,720
India_006447.jpg,720,720
India_006450.jpg,720,720
India_006452.jpg,720,720
India_006460.jpg,720,720
India_006462.jpg,720,720
India_006464.jpg,720,720
India_006465.jpg,720,720
India_006466.jpg,720,720
India_006469.jpg,720,720
India_006473.jpg,720,720
India_006474.jpg,720,720
India_006476.jpg,720,720
India_006479.jpg,720,720
India_006488.jpg,720,720
India_006490.jpg,720,720
India_006491.jpg,720,720
India_006493.jpg,720,720
India_006495.jpg,720,720
India_006497.jpg,720,720
India_006498.jpg,720,720
India_006502.jpg,720,720
India_006504.jpg,720,720
India_006518.jpg,720,720
India_006519.jpg,720,720
India_006520.jpg,720,720
India_006524.jpg,720,720
India_006529.jpg,720,720
India_006530.jpg,720,720
India_006532.jpg,720,720
India_006533.jpg,720,720
India_006535.jpg,720,720
India_006536.jpg,720,720
India_006537.jpg,720,720
India_006538.jpg,720,720
India_006543.jpg,720,720
India_006544.jpg,720,720
India_006545.jpg,720,720
India_006549.jpg,720,720
India_006550.jpg,720,720
India_006555.jpg,720,720
India_006557.jpg,720,720
India_006561.jpg,720,720
India_006562.jpg,720,720
India_006564.jpg,720,720
India_006576.jpg,720,720
India_006580.jpg,720,720
India_006581.jpg,720,720
India_006582.jpg,720,720
India_006583.jpg,720,720
India_006589.jpg,720,720
India_006592.jpg,720,720
India_006593.jpg,720,720
India_006594.jpg,720,720
India_006595.jpg,720,720
India_006597.jpg,720,720
India_006598.jpg,720,720
India_006601.jpg,720,720
India_006602.jpg,720,720
India_006603.jpg,720,720
India_006607.jpg,720,720
India_006608.jpg,720,720
India_006613.jpg,720,720
India_006614.jpg,720,720
India_006619.jpg,720,720
India_006622.jpg,720,720
India_006625.jpg,720,720
India_006627.jpg,720,720
India_006630.jpg,720,720
India_006633.jpg,720,720
India_006634.jpg,720,720
India_006635.jpg,720,720
India_006640.jpg,720,720
India_006643.jpg,720,720
India_006644.jpg,720,720
India_006645.jpg,720,720
India_006646.jpg,720,720
India_006647.jpg,720,720
India_006651.jpg,720,720
India_006652.jpg,720,720
India_006654.jpg,720,720
India_006656.jpg,720,720
India_006663.jpg,720,720
India_006665.jpg,720,720
India_006666.jpg,720,720
India_006668.jpg,720,720
India_006670.jpg,720,720
India_006672.jpg,720,720
India_006673.jpg,720,720
India_006674.jpg,720,720
India_006675.jpg,720,720
India_006676.jpg,720,720
India_006677.jpg,720,720
India_006690.jpg,720,720
India_006691.jpg,720,720
India_006692.jpg,720,720
India_006693.jpg,720,720
India_006697.jpg,720,720
India_006698.jpg,720,720
India_006699.jpg,720,720
India_006702.jpg,720,720
India_006704.jpg,720,720
India_006705.jpg,720,720
India_006707.jpg,720,720
India_006709.jpg,720,720
India_006710.jpg,720,720
India_006713.jpg,720,720
India_006714.jpg,720,720
India_006715.jpg,720,720
India_006717.jpg,720,720
India_006722.jpg,720,720
India_006726.jpg,720,720
India_006727.jpg,720,720
India_006730.jpg,720,720
India_006736.jpg,720,720
India_006739.jpg,720,720
India_006741.jpg,720,720
India_006749.jpg,720,720
India_006751.jpg,720,720
India_006756.jpg,720,720
India_006759.jpg,720,720
India_006760.jpg,720,720
India_006767.jpg,720,720
India_006768.jpg,720,720
India_006769.jpg,720,720
India_006773.jpg,720,720
India_006775.jpg,720,720
India_006777.jpg,720,720
India_006778.jpg,720,720
India_006779.jpg,720,720
India_006780.jpg,720,720
India_006781.jpg,720,720
India_006787.jpg,720,720
India_006789.jpg,720,720
India_006793.jpg,720,720
India_006794.jpg,720,720
India_006808.jpg,720,720
India_006809.jpg,720,720
India_006811.jpg,720,720
India_006813.jpg,720,720
India_006815.jpg,720,720
India_006817.jpg,720,720
India_006819.jpg,720,720
India_006820.jpg,720,720
India_006822.jpg,720,720
India_006823.jpg,720,720
India_006824.jpg,720,720
India_006825.jpg,720,720
India_006831.jpg,720,720
India_006832.jpg,720,720
India_006835.jpg,720,720
India_006839.jpg,720,720
India_006841.jpg,720,720
India_006843.jpg,720,720
India_006844.jpg,720,720
India_006845.jpg,720,720
India_006846.jpg,720,720
India_006847.jpg,720,720
India_006848.jpg,720,720
India_006850.jpg,720,720
India_006851.jpg,720,720
India_006862.jpg,720,720
India_006863.jpg,720,720
India_006867.jpg,720,720
India_006872.jpg,720,720
India_006873.jpg,720,720
India_006874.jpg,720,720
India_006876.jpg,720,720
India_006880.jpg,720,720
India_006882.jpg,720,720
India_006883.jpg,720,720
India_006884.jpg,720,720
India_006885.jpg,720,720
India_006888.jpg,720,720
India_006889.jpg,720,720
India_006893.jpg,720,720
India_006896.jpg,720,720
India_006899.jpg,720,720
India_006901.jpg,720,720
India_006903.jpg,720,720
India_006910.jpg,720,720
India_006912.jpg,720,720
India_006920.jpg,720,720
India_006925.jpg,720,720
India_006928.jpg,720,720
India_006930.jpg,720,720
India_006933.jpg,720,720
India_006936.jpg,720,720
India_006938.jpg,720,720
India_006943.jpg,720,720
India_006945.jpg,720,720
India_006947.jpg,720,720
India_006948.jpg,720,720
India_006952.jpg,720,720
India_006953.jpg,720,720
India_006954.jpg,720,720
India_006960.jpg,720,720
India_006962.jpg,720,720
India_006967.jpg,720,720
India_006968.jpg,720,720
India_006970.jpg,720,720
India_006973.jpg,720,720
India_006974.jpg,720,720
India_006976.jpg,720,720
India_006977.jpg,720,720
India_006979.jpg,720,720
India_006982.jpg,720,720
India_006983.jpg,720,720
India_006988.jpg,720,720
India_006995.jpg,720,720
India_006998.jpg,720,720
India_006999.jpg,720,720
India_007000.jpg,720,720
India_007001.jpg,720,720
India_007002.jpg,720,720
India_007006.jpg,720,720
India_007007.jpg,720,720
India_007008.jpg,720,720
India_007009.jpg,720,720
India_007015.jpg,720,720
India_007016.jpg,720,720
India_007017.jpg,720,720
India_007019.jpg,720,720
India_007024.jpg,720,720
India_007027.jpg,720,720
India_007032.jpg,720,720
India_007033.jpg,720,720
India_007034.jpg,720,720
India_007037.jpg,720,720
India_007042.jpg,720,720
India_007043.jpg,720,720
India_007048.jpg,720,720
India_007051.jpg,720,720
India_007052.jpg,720,720
India_007053.jpg,720,720
India_007055.jpg,720,720
India_007058.jpg,720,720
India_007059.jpg,720,720
India_007062.jpg,720,720
India_007066.jpg,720,720
India_007067.jpg,720,720
India_007069.jpg,720,720
India_007071.jpg,720,720
India_007072.jpg,720,720
India_007073.jpg,720,720
India_007074.jpg,720,720
India_007083.jpg,720,720
India_007084.jpg,720,720
India_007088.jpg,720,720
India_007091.jpg,720,720
India_007094.jpg,720,720
India_007099.jpg,720,720
India_007101.jpg,720,720
India_007105.jpg,720,720
India_007106.jpg,720,720
India_007107.jpg,720,720
India_007108.jpg,720,720
India_007109.jpg,720,720
India_007113.jpg,720,720
India_007115.jpg,720,720
India_007116.jpg,720,720
India_007117.jpg,720,720
India_007120.jpg,720,720
India_007122.jpg,720,720
India_007123.jpg,720,720
India_007125.jpg,720,720
India_007130.jpg,720,720
India_007132.jpg,720,720
India_007133.jpg,720,720
India_007134.jpg,720,720
India_007136.jpg,720,720
India_007137.jpg,720,720
India_007138.jpg,720,720
India_007141.jpg,720,720
India_007146.jpg,720,720
India_007147.jpg,720,720
India_007148.jpg,720,720
India_007152.jpg,720,720
India_007153.jpg,720,720
India_007155.jpg,720,720
India_007159.jpg,720,720
India_007163.jpg,720,720
India_007168.jpg,720,720
India_007171.jpg,720,720
India_007172.jpg,720,720
India_007175.jpg,720,720
India_007178.jpg,720,720
India_007179.jpg,720,720
India_007183.jpg,720,720
India_007185.jpg,720,720
India_007188.jpg,720,720
India_007189.jpg,720,720
India_007194.jpg,720,720
India_007195.jpg,720,720
India_007196.jpg,720,720
India_007197.jpg,720,720
India_007198.jpg,720,720
India_007200.jpg,720,720
India_007204.jpg,720,720
India_007205.jpg,720,720
India_007208.jpg,720,720
India_007211.jpg,720,720
India_007213.jpg,720,720
India_007214.jpg,720,720
India_007217.jpg,720,720
India_007218.jpg,720,720
India_007219.jpg,720,720
India_007224.jpg,720,720
India_007226.jpg,720,720
India_007227.jpg,720,720
India_007229.jpg,720,720
India_007231.jpg,720,720
India_007233.jpg,720,720
India_007234.jpg,720,720
India_007236.jpg,720,720
India_007239.jpg,720,720
India_007240.jpg,720,720
India_007246.jpg,720,720
India_007247.jpg,720,720
India_007256.jpg,720,720
India_007259.jpg,720,720
India_007267.jpg,720,720
India_007271.jpg,720,720
India_007275.jpg,720,720
India_007276.jpg,720,720
India_007277.jpg,720,720
India_007278.jpg,720,720
India_007279.jpg,720,720
India_007281.jpg,720,720
India_007285.jpg,720,720
India_007287.jpg,720,720
India_007291.jpg,720,720
India_007293.jpg,720,720
India_007299.jpg,720,720
India_007308.jpg,720,720
India_007309.jpg,720,720
India_007310.jpg,720,720
India_007313.jpg,720,720
India_007316.jpg,720,720
India_007318.jpg,720,720
India_007319.jpg,720,720
India_007321.jpg,720,720
India_007322.jpg,720,720
India_007323.jpg,720,720
India_007327.jpg,720,720
India_007328.jpg,720,720
India_007329.jpg,720,720
India_007333.jpg,720,720
India_007342.jpg,720,720
India_007343.jpg,720,720
India_007345.jpg,720,720
India_007349.jpg,720,720
India_007354.jpg,720,720
India_007357.jpg,720,720
India_007359.jpg,720,720
India_007362.jpg,720,720
India_007363.jpg,720,720
India_007367.jpg,720,720
India_007368.jpg,720,720
India_007371.jpg,720,720
India_007372.jpg,720,720
India_007376.jpg,720,720
India_007377.jpg,720,720
India_007383.jpg,720,720
India_007385.jpg,720,720
India_007387.jpg,720,720
India_007390.jpg,720,720
India_007397.jpg,720,720
India_007398.jpg,720,720
India_007399.jpg,720,720
India_007401.jpg,720,720
India_007402.jpg,720,720
India_007404.jpg,720,720
India_007409.jpg,720,720
India_007412.jpg,720,720
India_007417.jpg,720,720
India_007418.jpg,720,720
India_007419.jpg,720,720
India_007420.jpg,720,720
India_007422.jpg,720,720
India_007424.jpg,720,720
India_007426.jpg,720,720
India_007429.jpg,720,720
India_007431.jpg,720,720
India_007432.jpg,720,720
India_007438.jpg,720,720
India_007439.jpg,720,720
India_007449.jpg,720,720
India_007450.jpg,720,720
India_007451.jpg,720,720
India_007456.jpg,720,720
India_007457.jpg,720,720
India_007458.jpg,720,720
India_007460.jpg,720,720
India_007462.jpg,720,720
India_007463.jpg,720,720
India_007464.jpg,720,720
India_007465.jpg,720,720
India_007470.jpg,720,720
India_007472.jpg,720,720
India_007474.jpg,720,720
India_007476.jpg,720,720
India_007478.jpg,720,720
India_007484.jpg,720,720
India_007487.jpg,720,720
India_007491.jpg,720,720
India_007492.jpg,720,720
India_007494.jpg,720,720
India_007497.jpg,720,720
India_007498.jpg,720,720
India_007500.jpg,720,720
India_007502.jpg,720,720
India_007505.jpg,720,720
India_007507.jpg,720,720
India_007508.jpg,720,720
India_007509.jpg,720,720
India_007511.jpg,720,720
India_007513.jpg,720,720
India_007514.jpg,720,720
India_007516.jpg,720,720
India_007518.jpg,720,720
India_007520.jpg,720,720
India_007527.jpg,720,720
India_007529.jpg,720,720
India_007530.jpg,720,720
India_007533.jpg,720,720
India_007537.jpg,720,720
India_007538.jpg,720,720
India_007539.jpg,720,720
India_007543.jpg,720,720
India_007546.jpg,720,720
India_007548.jpg,720,720
India_007553.jpg,720,720
India_007555.jpg,720,720
India_007558.jpg,720,720
India_007559.jpg,720,720
India_007561.jpg,720,720
India_007563.jpg,720,720
India_007565.jpg,720,720
India_007572.jpg,720,720
India_007576.jpg,720,720
India_007578.jpg,720,720
India_007579.jpg,720,720
India_007581.jpg,720,720
India_007583.jpg,720,720
India_007584.jpg,720,720
India_007587.jpg,720,720
India_007590.jpg,720,720
India_007592.jpg,720,720
India_007595.jpg,720,720
India_007597.jpg,720,720
India_007598.jpg,720,720
India_007602.jpg,720,720
India_007604.jpg,720,720
India_007606.jpg,720,720
India_007609.jpg,720,720
India_007611.jpg,720,720
India_007614.jpg,720,720
India_007615.jpg,720,720
India_007616.jpg,720,720
India_007618.jpg,720,720
India_007621.jpg,720,720
India_007624.jpg,720,720
India_007625.jpg,720,720
India_007626.jpg,720,720
India_007627.jpg,720,720
India_007628.jpg,720,720
India_007629.jpg,720,720
India_007630.jpg,720,720
India_007633.jpg,720,720
India_007634.jpg,720,720
India_007635.jpg,720,720
India_007637.jpg,720,720
India_007641.jpg,720,720
India_007642.jpg,720,720
India_007644.jpg,720,720
India_007646.jpg,720,720
India_007647.jpg,720,720
India_007650.jpg,720,720
India_007651.jpg,720,720
India_007652.jpg,720,720
India_007655.jpg,720,720
India_007658.jpg,720,720
India_007667.jpg,720,720
India_007668.jpg,720,720
India_007670.jpg,720,720
India_007671.jpg,720,720
India_007672.jpg,720,720
India_007676.jpg,720,720
India_007681.jpg,720,720
India_007682.jpg,720,720
India_007688.jpg,720,720
India_007689.jpg,720,720
India_007691.jpg,720,720
India_007696.jpg,720,720
India_007697.jpg,720,720
India_007699.jpg,720,720
India_007701.jpg,720,720
India_007702.jpg,720,720
India_007704.jpg,720,720
India_007706.jpg,720,720
India_007707.jpg,720,720
India_007708.jpg,720,720
India_007709.jpg,720,720
India_007710.jpg,720,720
India_007712.jpg,720,720
India_007713.jpg,720,720
India_007716.jpg,720,720
India_007717.jpg,720,720
India_007718.jpg,720,720
India_007720.jpg,720,720
India_007722.jpg,720,720
India_007723.jpg,720,720
India_007732.jpg,720,720
India_007733.jpg,720,720
India_007734.jpg,720,720
India_007735.jpg,720,720
India_007736.jpg,720,720
India_007737.jpg,720,720
India_007740.jpg,720,720
India_007741.jpg,720,720
India_007745.jpg,720,720
India_007749.jpg,720,720
India_007755.jpg,720,720
India_007758.jpg,720,720
India_007761.jpg,720,720
India_007766.jpg,720,720
India_007767.jpg,720,720
India_007768.jpg,720,720
India_007769.jpg,720,720
India_007772.jpg,720,720
India_007776.jpg,720,720
India_007779.jpg,720,720
India_007781.jpg,720,720
India_007782.jpg,720,720
India_007785.jpg,720,720
India_007789.jpg,720,720
India_007791.jpg,720,720
India_007796.jpg,720,720
India_007801.jpg,720,720
India_007806.jpg,720,720
India_007807.jpg,720,720
India_007809.jpg,720,720
India_007810.jpg,720,720
India_007811.jpg,720,720
India_007816.jpg,720,720
India_007817.jpg,720,720
India_007819.jpg,720,720
India_007822.jpg,720,720
India_007824.jpg,720,720
India_007830.jpg,720,720
India_007831.jpg,720,720
India_007834.jpg,720,720
India_007836.jpg,720,720
India_007844.jpg,720,720
India_007846.jpg,720,720
India_007849.jpg,720,720
India_007851.jpg,720,720
India_007852.jpg,720,720
India_007859.jpg,720,720
India_007861.jpg,720,720
India_007862.jpg,720,720
India_007863.jpg,720,720
India_007867.jpg,720,720
India_007880.jpg,720,720
India_007883.jpg,720,720
India_007884.jpg,720,720
India_007886.jpg,720,720
India_007888.jpg,720,720
India_007890.jpg,720,720
India_007893.jpg,720,720
India_007900.jpg,720,720
India_007904.jpg,720,720
India_007906.jpg,720,720
India_007907.jpg,720,720
India_007909.jpg,720,720
India_007911.jpg,720,720
India_007912.jpg,720,720
India_007915.jpg,720,720
India_007917.jpg,720,720
India_007920.jpg,720,720
India_007921.jpg,720,720
India_007922.jpg,720,720
India_007923.jpg,720,720
India_007924.jpg,720,720
India_007932.jpg,720,720
India_007934.jpg,720,720
India_007935.jpg,720,720
India_007937.jpg,720,720
India_007943.jpg,720,720
India_007946.jpg,720,720
India_007954.jpg,720,720
India_007955.jpg,720,720
India_007956.jpg,720,720
India_007962.jpg,720,720
India_007964.jpg,720,720
India_007965.jpg,720,720
India_007966.jpg,720,720
India_007972.jpg,720,720
India_007974.jpg,720,720
India_007979.jpg,720,720
India_007981.jpg,720,720
India_007983.jpg,720,720
India_007985.jpg,720,720
India_007989.jpg,720,720
India_007991.jpg,720,720
India_007997.jpg,720,720
India_007998.jpg,720,720
India_007999.jpg,720,720
India_008003.jpg,720,720
India_008004.jpg,720,720
India_008007.jpg,720,720
India_008009.jpg,720,720
India_008012.jpg,720,720
India_008013.jpg,720,720
India_008014.jpg,720,720
India_008015.jpg,720,720
India_008016.jpg,720,720
India_008017.jpg,720,720
India_008018.jpg,720,720
India_008019.jpg,720,720
India_008022.jpg,720,720
India_008023.jpg,720,720
India_008025.jpg,720,720
India_008027.jpg,720,720
India_008029.jpg,720,720
India_008034.jpg,720,720
India_008035.jpg,720,720
India_008037.jpg,720,720
India_008039.jpg,720,720
India_008043.jpg,720,720
India_008050.jpg,720,720
India_008056.jpg,720,720
India_008059.jpg,720,720
India_008061.jpg,720,720
India_008062.jpg,720,720
India_008064.jpg,720,720
India_008067.jpg,720,720
India_008068.jpg,720,720
India_008070.jpg,720,720
India_008076.jpg,720,720
India_008078.jpg,720,720
India_008079.jpg,720,720
India_008083.jpg,720,720
India_008084.jpg,720,720
India_008085.jpg,720,720
India_008090.jpg,720,720
India_008094.jpg,720,720
India_008097.jpg,720,720
India_008099.jpg,720,720
India_008103.jpg,720,720
India_008105.jpg,720,720
India_008107.jpg,720,720
India_008109.jpg,720,720
India_008111.jpg,720,720
India_008112.jpg,720,720
India_008116.jpg,720,720
India_008117.jpg,720,720
India_008119.jpg,720,720
India_008127.jpg,720,720
India_008128.jpg,720,720
India_008130.jpg,720,720
India_008133.jpg,720,720
India_008134.jpg,720,720
India_008137.jpg,720,720
India_008138.jpg,720,720
India_008139.jpg,720,720
India_008141.jpg,720,720
India_008142.jpg,720,720
India_008144.jpg,720,720
India_008153.jpg,720,720
India_008154.jpg,720,720
India_008157.jpg,720,720
India_008159.jpg,720,720
India_008160.jpg,720,720
India_008162.jpg,720,720
India_008163.jpg,720,720
India_008165.jpg,720,720
India_008167.jpg,720,720
India_008168.jpg,720,720
India_008172.jpg,720,720
India_008177.jpg,720,720
India_008182.jpg,720,720
India_008183.jpg,720,720
India_008184.jpg,720,720
India_008186.jpg,720,720
India_008188.jpg,720,720
India_008190.jpg,720,720
India_008194.jpg,720,720
India_008195.jpg,720,720
India_008198.jpg,720,720
India_008204.jpg,720,720
India_008207.jpg,720,720
India_008209.jpg,720,720
India_008214.jpg,720,720
India_008215.jpg,720,720
India_008218.jpg,720,720
India_008221.jpg,720,720
India_008222.jpg,720,720
India_008223.jpg,720,720
India_008224.jpg,720,720
India_008226.jpg,720,720
India_008227.jpg,720,720
India_008228.jpg,720,720
India_008229.jpg,720,720
India_008233.jpg,720,720
India_008237.jpg,720,720
India_008238.jpg,720,720
India_008239.jpg,720,720
India_008241.jpg,720,720
India_008244.jpg,720,720
India_008247.jpg,720,720
India_008249.jpg,720,720
India_008250.jpg,720,720
India_008253.jpg,720,720
India_008254.jpg,720,720
India_008255.jpg,720,720
India_008256.jpg,720,720
India_008257.jpg,720,720
India_008258.jpg,720,720
India_008261.jpg,720,720
India_008263.jpg,720,720
India_008265.jpg,720,720
India_008266.jpg,720,720
India_008267.jpg,720,720
India_008271.jpg,720,720
India_008274.jpg,720,720
India_008279.jpg,720,720
India_008280.jpg,720,720
India_008282.jpg,720,720
India_008284.jpg,720,720
India_008285.jpg,720,720
India_008292.jpg,720,720
India_008296.jpg,720,720
India_008297.jpg,720,720
India_008298.jpg,720,720
India_008301.jpg,720,720
India_008304.jpg,720,720
India_008306.jpg,720,720
India_008307.jpg,720,720
India_008308.jpg,720,720
India_008313.jpg,720,720
India_008314.jpg,720,720
India_008317.jpg,720,720
India_008321.jpg,720,720
India_008322.jpg,720,720
India_008323.jpg,720,720
India_008325.jpg,720,720
India_008327.jpg,720,720
India_008329.jpg,720,720
India_008333.jpg,720,720
India_008336.jpg,720,720
India_008338.jpg,720,720
India_008339.jpg,720,720
India_008340.jpg,720,720
India_008343.jpg,720,720
India_008344.jpg,720,720
India_008355.jpg,720,720
India_008359.jpg,720,720
India_008367.jpg,720,720
India_008368.jpg,720,720
India_008371.jpg,720,720
India_008374.jpg,720,720
India_008375.jpg,720,720
India_008376.jpg,720,720
India_008378.jpg,720,720
India_008383.jpg,720,720
India_008385.jpg,720,720
India_008386.jpg,720,720
India_008389.jpg,720,720
India_008390.jpg,720,720
India_008391.jpg,720,720
India_008393.jpg,720,720
India_008395.jpg,720,720
India_008396.jpg,720,720
India_008400.jpg,720,720
India_008401.jpg,720,720
India_008407.jpg,720,720
India_008416.jpg,720,720
India_008417.jpg,720,720
India_008420.jpg,720,720
India_008421.jpg,720,720
India_008425.jpg,720,720
India_008429.jpg,720,720
India_008430.jpg,720,720
India_008435.jpg,720,720
India_008436.jpg,720,720
India_008437.jpg,720,720
India_008440.jpg,720,720
India_008446.jpg,720,720
India_008458.jpg,720,720
India_008463.jpg,720,720
India_008465.jpg,720,720
India_008466.jpg,720,720
India_008468.jpg,720,720
India_008471.jpg,720,720
India_008475.jpg,720,720
India_008479.jpg,720,720
India_008480.jpg,720,720
India_008486.jpg,720,720
India_008488.jpg,720,720
India_008492.jpg,720,720
India_008494.jpg,720,720
India_008495.jpg,720,720
India_008496.jpg,720,720
India_008499.jpg,720,720
India_008503.jpg,720,720
India_008504.jpg,720,720
India_008505.jpg,720,720
India_008507.jpg,720,720
India_008511.jpg,720,720
India_008512.jpg,720,720
India_008515.jpg,720,720
India_008516.jpg,720,720
India_008518.jpg,720,720
India_008523.jpg,720,720
India_008524.jpg,720,720
India_008528.jpg,720,720
India_008530.jpg,720,720
India_008532.jpg,720,720
India_008535.jpg,720,720
India_008540.jpg,720,720
India_008541.jpg,720,720
India_008543.jpg,720,720
India_008544.jpg,720,720
India_008546.jpg,720,720
India_008548.jpg,720,720
India_008553.jpg,720,720
India_008557.jpg,720,720
India_008558.jpg,720,720
India_008563.jpg,720,720
India_008565.jpg,720,720
India_008569.jpg,720,720
India_008570.jpg,720,720
India_008572.jpg,720,720
India_008574.jpg,720,720
India_008575.jpg,720,720
India_008576.jpg,720,720
India_008582.jpg,720,720
India_008584.jpg,720,720
India_008585.jpg,720,720
India_008588.jpg,720,720
India_008592.jpg,720,720
India_008594.jpg,720,720
India_008597.jpg,720,720
India_008605.jpg,720,720
India_008606.jpg,720,720
India_008609.jpg,720,720
India_008610.jpg,720,720
India_008611.jpg,720,720
India_008614.jpg,720,720
India_008616.jpg,720,720
India_008618.jpg,720,720
India_008620.jpg,720,720
India_008623.jpg,720,720
India_008627.jpg,720,720
India_008629.jpg,720,720
India_008632.jpg,720,720
India_008633.jpg,720,720
India_008636.jpg,720,720
India_008637.jpg,720,720
India_008639.jpg,720,720
India_008643.jpg,720,720
India_008644.jpg,720,720
India_008645.jpg,720,720
India_008648.jpg,720,720
India_008649.jpg,720,720
India_008650.jpg,720,720
India_008652.jpg,720,720
India_008653.jpg,720,720
India_008654.jpg,720,720
India_008655.jpg,720,720
India_008657.jpg,720,720
India_008658.jpg,720,720
India_008659.jpg,720,720
India_008661.jpg,720,720
India_008662.jpg,720,720
India_008664.jpg,720,720
India_008667.jpg,720,720
India_008670.jpg,720,720
India_008673.jpg,720,720
India_008675.jpg,720,720
India_008676.jpg,720,720
India_008677.jpg,720,720
India_008679.jpg,720,720
India_008680.jpg,720,720
India_008682.jpg,720,720
India_008684.jpg,720,720
India_008691.jpg,720,720
India_008692.jpg,720,720
India_008694.jpg,720,720
India_008695.jpg,720,720
India_008698.jpg,720,720
India_008701.jpg,720,720
India_008703.jpg,720,720
India_008704.jpg,720,720
India_008706.jpg,720,720
India_008707.jpg,720,720
India_008711.jpg,720,720
India_008712.jpg,720,720
India_008715.jpg,720,720
India_008719.jpg,720,720
India_008724.jpg,720,720
India_008726.jpg,720,720
India_008728.jpg,720,720
India_008731.jpg,720,720
India_008732.jpg,720,720
India_008733.jpg,720,720
India_008734.jpg,720,720
India_008739.jpg,720,720
India_008745.jpg,720,720
India_008746.jpg,720,720
India_008749.jpg,720,720
India_008750.jpg,720,720
India_008752.jpg,720,720
India_008755.jpg,720,720
India_008762.jpg,720,720
India_008768.jpg,720,720
India_008771.jpg,720,720
India_008772.jpg,720,720
India_008773.jpg,720,720
India_008780.jpg,720,720
India_008789.jpg,720,720
India_008790.jpg,720,720
India_008792.jpg,720,720
India_008796.jpg,720,720
India_008798.jpg,720,720
India_008800.jpg,720,720
India_008801.jpg,720,720
India_008802.jpg,720,720
India_008807.jpg,720,720
India_008809.jpg,720,720
India_008812.jpg,720,720
India_008813.jpg,720,720
India_008819.jpg,720,720
India_008821.jpg,720,720
India_008825.jpg,720,720
India_008826.jpg,720,720
India_008829.jpg,720,720
India_008832.jpg,720,720
India_008834.jpg,720,720
India_008839.jpg,720,720
India_008846.jpg,720,720
India_008847.jpg,720,720
India_008851.jpg,720,720
India_008852.jpg,720,720
India_008853.jpg,720,720
India_008854.jpg,720,720
India_008857.jpg,720,720
India_008860.jpg,720,720
India_008863.jpg,720,720
India_008866.jpg,720,720
India_008867.jpg,720,720
India_008870.jpg,720,720
India_008872.jpg,720,720
India_008874.jpg,720,720
India_008878.jpg,720,720
India_008881.jpg,720,720
India_008886.jpg,720,720
India_008889.jpg,720,720
India_008893.jpg,720,720
India_008904.jpg,720,720
India_008906.jpg,720,720
India_008907.jpg,720,720
India_008909.jpg,720,720
India_008911.jpg,720,720
India_008915.jpg,720,720
India_008918.jpg,720,720
India_008925.jpg,720,720
India_008926.jpg,720,720
India_008927.jpg,720,720
India_008928.jpg,720,720
India_008930.jpg,720,720
India_008933.jpg,720,720
India_008940.jpg,720,720
India_008942.jpg,720,720
India_008944.jpg,720,720
India_008947.jpg,720,720
India_008948.jpg,720,720
India_008950.jpg,720,720
India_008952.jpg,720,720
India_008953.jpg,720,720
India_008957.jpg,720,720
India_008960.jpg,720,720
India_008963.jpg,720,720
India_008969.jpg,720,720
India_008971.jpg,720,720
India_008973.jpg,720,720
India_008975.jpg,720,720
India_008976.jpg,720,720
India_008977.jpg,720,720
India_008982.jpg,720,720
India_008984.jpg,720,720
India_008985.jpg,720,720
India_008986.jpg,720,720
India_008988.jpg,720,720
India_008989.jpg,720,720
India_008990.jpg,720,720
India_008991.jpg,720,720
India_008993.jpg,720,720
India_008997.jpg,720,720
India_008998.jpg,720,720
India_008999.jpg,720,720
India_009000.jpg,720,720
India_009001.jpg,720,720
India_009002.jpg,720,720
India_009004.jpg,720,720
India_009009.jpg,720,720
India_009010.jpg,720,720
India_009011.jpg,720,720
India_009013.jpg,720,720
India_009014.jpg,720,720
India_009017.jpg,720,720
India_009018.jpg,720,720
India_009021.jpg,720,720
India_009023.jpg,720,720
India_009027.jpg,720,720
India_009029.jpg,720,720
India_009038.jpg,720,720
India_009039.jpg,720,720
India_009041.jpg,720,720
India_009042.jpg,720,720
India_009046.jpg,720,720
India_009048.jpg,720,720
India_009051.jpg,720,720
India_009054.jpg,720,720
India_009055.jpg,720,720
India_009063.jpg,720,720
India_009064.jpg,720,720
India_009065.jpg,720,720
India_009066.jpg,720,720
India_009068.jpg,720,720
India_009069.jpg,720,720
India_009071.jpg,720,720
India_009074.jpg,720,720
India_009075.jpg,720,720
India_009077.jpg,720,720
India_009080.jpg,720,720
India_009095.jpg,720,720
India_009096.jpg,720,720
India_009097.jpg,720,720
India_009100.jpg,720,720
India_009102.jpg,720,720
India_009107.jpg,720,720
India_009108.jpg,720,720
India_009112.jpg,720,720
India_009114.jpg,720,720
India_009116.jpg,720,720
India_009117.jpg,720,720
India_009118.jpg,720,720
India_009119.jpg,720,720
India_009122.jpg,720,720
India_009123.jpg,720,720
India_009127.jpg,720,720
India_009128.jpg,720,720
India_009129.jpg,720,720
India_009131.jpg,720,720
India_009132.jpg,720,720
India_009133.jpg,720,720
India_009134.jpg,720,720
India_009138.jpg,720,720
India_009139.jpg,720,720
India_009142.jpg,720,720
India_009144.jpg,720,720
India_009147.jpg,720,720
India_009148.jpg,720,720
India_009150.jpg,720,720
India_009151.jpg,720,720
India_009153.jpg,720,720
India_009155.jpg,720,720
India_009157.jpg,720,720
India_009158.jpg,720,720
India_009159.jpg,720,720
India_009161.jpg,720,720
India_009163.jpg,720,720
India_009164.jpg,720,720
India_009165.jpg,720,720
India_009167.jpg,720,720
India_009171.jpg,720,720
India_009172.jpg,720,720
India_009173.jpg,720,720
India_009175.jpg,720,720
India_009177.jpg,720,720
India_009178.jpg,720,720
India_009180.jpg,720,720
India_009184.jpg,720,720
India_009185.jpg,720,720
India_009188.jpg,720,720
India_009193.jpg,720,720
India_009203.jpg,720,720
India_009205.jpg,720,720
India_009212.jpg,720,720
India_009213.jpg,720,720
India_009214.jpg,720,720
India_009215.jpg,720,720
India_009217.jpg,720,720
India_009219.jpg,720,720
India_009221.jpg,720,720
India_009222.jpg,720,720
India_009225.jpg,720,720
India_009226.jpg,720,720
India_009229.jpg,720,720
India_009232.jpg,720,720
India_009240.jpg,720,720
India_009245.jpg,720,720
India_009247.jpg,720,720
India_009249.jpg,720,720
India_009250.jpg,720,720
India_009251.jpg,720,720
India_009254.jpg,720,720
India_009260.jpg,720,720
India_009262.jpg,720,720
India_009263.jpg,720,720
India_009268.jpg,720,720
India_009269.jpg,720,720
India_009270.jpg,720,720
India_009271.jpg,720,720
India_009272.jpg,720,720
India_009279.jpg,720,720
India_009281.jpg,720,720
India_009282.jpg,720,720
India_009283.jpg,720,720
India_009284.jpg,720,720
India_009287.jpg,720,720
India_009289.jpg,720,720
India_009290.jpg,720,720
India_009294.jpg,720,720
India_009297.jpg,720,720
India_009299.jpg,720,720
India_009303.jpg,720,720
India_009304.jpg,720,720
India_009311.jpg,720,720
India_009312.jpg,720,720
India_009314.jpg,720,720
India_009317.jpg,720,720
India_009318.jpg,720,720
India_009320.jpg,720,720
India_009329.jpg,720,720
India_009331.jpg,720,720
India_009335.jpg,720,720
India_009337.jpg,720,720
India_009338.jpg,720,720
India_009339.jpg,720,720
India_009340.jpg,720,720
India_009346.jpg,720,720
India_009348.jpg,720,720
India_009349.jpg,720,720
India_009351.jpg,720,720
India_009353.jpg,720,720
India_009358.jpg,720,720
India_009359.jpg,720,720
India_009366.jpg,720,720
India_009370.jpg,720,720
India_009373.jpg,720,720
India_009376.jpg,720,720
India_009377.jpg,720,720
India_009380.jpg,720,720
India_009381.jpg,720,720
India_009385.jpg,720,720
India_009389.jpg,720,720
India_009391.jpg,720,720
India_009392.jpg,720,720
India_009394.jpg,720,720
India_009397.jpg,720,720
India_009402.jpg,720,720
India_009406.jpg,720,720
India_009408.jpg,720,720
India_009410.jpg,720,720
India_009413.jpg,720,720
India_009415.jpg,720,720
India_009419.jpg,720,720
India_009421.jpg,720,720
India_009423.jpg,720,720
India_009425.jpg,720,720
India_009426.jpg,720,720
India_009428.jpg,720,720
India_009429.jpg,720,720
India_009430.jpg,720,720
India_009432.jpg,720,720
India_009433.jpg,720,720
India_009434.jpg,720,720
India_009435.jpg,720,720
India_009436.jpg,720,720
India_009439.jpg,720,720
India_009441.jpg,720,720
India_009442.jpg,720,720
India_009444.jpg,720,720
India_009445.jpg,720,720
India_009446.jpg,720,720
India_009447.jpg,720,720
India_009448.jpg,720,720
India_009449.jpg,720,720
India_009451.jpg,720,720
India_009455.jpg,720,720
India_009457.jpg,720,720
India_009458.jpg,720,720
India_009465.jpg,720,720
India_009469.jpg,720,720
India_009478.jpg,720,720
India_009486.jpg,720,720
India_009505.jpg,720,720
India_009510.jpg,720,720
India_009513.jpg,720,720
India_009517.jpg,720,720
India_009519.jpg,720,720
India_009526.jpg,720,720
India_009528.jpg,720,720
India_009531.jpg,720,720
India_009536.jpg,720,720
India_009541.jpg,720,720
India_009544.jpg,720,720
India_009546.jpg,720,720
India_009550.jpg,720,720
India_009552.jpg,720,720
India_009553.jpg,720,720
India_009555.jpg,720,720
India_009556.jpg,720,720
India_009562.jpg,720,720
India_009564.jpg,720,720
India_009568.jpg,720,720
India_009573.jpg,720,720
India_009574.jpg,720,720
India_009579.jpg,720,720
India_009581.jpg,720,720
India_009583.jpg,720,720
India_009586.jpg,720,720
India_009588.jpg,720,720
India_009589.jpg,720,720
India_009592.jpg,720,720
India_009593.jpg,720,720
India_009595.jpg,720,720
India_009597.jpg,720,720
India_009600.jpg,720,720
India_009603.jpg,720,720
India_009605.jpg,720,720
India_009607.jpg,720,720
India_009609.jpg,720,720
India_009612.jpg,720,720
India_009618.jpg,720,720
India_009619.jpg,720,720
India_009625.jpg,720,720
India_009628.jpg,720,720
India_009630.jpg,720,720
India_009633.jpg,720,720
India_009634.jpg,720,720
India_009635.jpg,720,720
India_009638.jpg,720,720
India_009640.jpg,720,720
India_009641.jpg,720,720
India_009644.jpg,720,720
India_009647.jpg,720,720
India_009649.jpg,720,720
India_009650.jpg,720,720
India_009654.jpg,720,720
India_009655.jpg,720,720
India_009656.jpg,720,720
India_009663.jpg,720,720
India_009664.jpg,720,720
India_009666.jpg,720,720
India_009667.jpg,720,720
India_009669.jpg,720,720
India_009675.jpg,720,720
India_009677.jpg,720,720
India_009678.jpg,720,720
India_009679.jpg,720,720
India_009682.jpg,720,720
India_009685.jpg,720,720
India_009687.jpg,720,720
India_009688.jpg,720,720
India_009691.jpg,720,720
India_009696.jpg,720,720
India_009698.jpg,720,720
India_009699.jpg,720,720
India_009707.jpg,720,720
India_009712.jpg,720,720
India_009715.jpg,720,720
India_009716.jpg,720,720
India_009719.jpg,720,720
India_009723.jpg,720,720
India_009725.jpg,720,720
India_009731.jpg,720,720
India_009734.jpg,720,720
India_009735.jpg,720,720
India_009737.jpg,720,720
India_009738.jpg,720,720
India_009742.jpg,720,720
India_009743.jpg,720,720
India_009744.jpg,720,720
India_009748.jpg,720,720
India_009750.jpg,720,720
India_009751.jpg,720,720
India_009752.jpg,720,720
India_009753.jpg,720,720
India_009755.jpg,720,720
India_009756.jpg,720,720
India_009763.jpg,720,720
India_009765.jpg,720,720
India_009766.jpg,720,720
India_009769.jpg,720,720
India_009775.jpg,720,720
India_009782.jpg,720,720
India_009785.jpg,720,720
India_009792.jpg,720,720
India_009793.jpg,720,720
India_009794.jpg,720,720
India_009797.jpg,720,720
India_009801.jpg,720,720
India_009807.jpg,720,720
India_009813.jpg,720,720
India_009815.jpg,720,720
India_009817.jpg,720,720
India_009818.jpg,720,720
India_009826.jpg,720,720
India_009830.jpg,720,720
India_009832.jpg,720,720
India_009834.jpg,720,720
India_009836.jpg,720,720
India_009841.jpg,720,720
India_009842.jpg,720,720
India_009847.jpg,720,720
India_009848.jpg,720,720
India_009855.jpg,720,720
India_009856.jpg,720,720
India_009863.jpg,720,720
India_009864.jpg,720,720
India_009869.jpg,720,720
India_009873.jpg,720,720
India_009880.jpg,720,720
India_009881.jpg,720,720
India_009884.jpg,720,720
India_009888.jpg,720,720
India_009889.jpg,720,720
India_009890.jpg,720,720
